Workbook

Sheet OFICIAL
B1: MUNDIAL DE FÚTBOL QATAR 2022
A3: Partido | B3: Fecha | G3: Resultado
A5: Grupo A
A6: 1 | B6: 44885 | D6: Qatar | G6: 0 | H6: 2 | I6: Ecuador
A7: 3 | B7: 44886 | D7: Senegal | I7: Países Bajos
A8: 18 | B8: 44890 | D8: Qatar | I8: Senegal
A9: 19 | B9: 44890 | D9: Países Bajos | I9: Ecuador
A10: 33 | B10: 44894 | D10: Países Bajos | I10: Qatar
A11: 34 | B11: 44894 | D11: Ecuador | I11: Senegal
A12: Grupo B
A13: 2 | B13: 44886 | D13: Inglaterra | I13: Irán
A14: 4 | B14: 44886 | D14: USA | I14: Gales
A15: 17 | B15: 44890 | D15: Gales | I15: Irán
A16: 20 | B16: 44890 | D16: Inglaterra | I16: USA
A17: 35 | B17: 44894 | D17: Gales | I17: Inglaterra
A18: 36 | B18: 44894 | D18: Irán | I18: USA
A19: Grupo C
A20: 5 | B20: 44887 | D20: Argentina | I20: Arabia Saudí
A21: 7 | B21: 44887 | D21: México | I21: Polonia
A22: 22 | B22: 44891 | D22: Polonia | I22: Arabia Saudí
A23: 24 | B23: 44891 | D23: Argentina | I23: México
A24: 39 | B24: 44895 | D24: Arabia Saudí | I24: México
A25: 40 | B25: 44895 | D25: Polonia | I25: Argentina
A26: Grupo D
A27: 6 | B27: 44887 | D27: Dinamarca | I27: Túnez
A28: 8 | B28: 44887 | D28: Francia | I28: Australia
A29: 21 | B29: 44891 | D29: Túnez | I29: Australia
A30: 23 | B30: 44891 | D30: Francia | I30: Dinamarca
A31: 37 | B31: 44895 | D31: Túnez | I31: Francia
A32: 38 | B32: 44895 | D32: Australia | I32: Dinamarca
A33: Grupo E
A34: 10 | B34: 44888 | D34: Alemania | I34: Japón
A35: 11 | B35: 44888 | D35: España | I35: Costa Rica
A36: 25 | B36: 44892 | D36: Japón | I36: Costa Rica
A37: 28 | B37: 44892 | D37: España | I37: Alemania
A38: 43 | B38: 44896 | D38: Japón | I38: España
A39: 44 | B39: 44896 | D39: Costa Rica | I39: Alemania
A40: Grupo F
A41: 9 | B41: 44888 | D41: Marruecos | I41: Croacia
A42: 12 | B42: 44888 | D42: Bélgica | I42: Canadá
A43: 26 | B43: 44892 | D43: Bélgica | I43: Marruecos
A44: 27 | B44: 44892 | D44: Croacia | I44: Canadá
A45: 41 | B45: 44896 | D45: Croacia | I45: Bélgica
A46: 42 | B46: 44896 | D46: Canadá | I46: Marruecos
A47: Grupo G
A48: 13 | B48: 44889 | D48: Suiza | I48: Camerún
A49: 16 | B49: 44889 | D49: Brasil | I49: Serbia
A50: 29 | B50: 44893 | D50: Camerún | I50: Serbia
A51: 31 | B51: 44893 | D51: Brasil | I51: Suiza
A52: 47 | B52: 44897 | D52: Serbia | I52: Suiza
A53: 48 | B53: 44897 | D53: Camerún | I53: Brasil
A54: Grupo H
A55: 14 | B55: 44889 | D55: Uruguay | I55: Corea del Sur
A56: 15 | B56: 44889 | D56: Portugal | I56: Ghana
A57: 30 | B57: 44893 | D57: Corea delSur | I57: Ghana
A58: 32 | B58: 44893 | D58: Portugal | I58: Uruguay
A59: 45 | B59: 44897 | D59: Corea delSur | I59: Portugal
A60: 46 | B60: 44897 | D60: Ghana | I60: Uruguay
B62: TOTAL PUNTOS PRIMERA FASE
B66: OTRAS FASES | C66: 8F | D66: 4F | E66: SF | F66: F
C67: 16 | D67: 8 | E67: 4 | F67: 2
C68: 1 | D68: 2 | E68: 5 | F68: 8
A70: 1 | B70: Qatar
A71: 2 | B71: Ecuador
A72: 3 | B72: Senegal
A73: 4 | B73: Países Bajos
A74: 5 | B74: Inglaterra
A75: 6 | B75: Irán
A76: 7 | B76: USA
A77: 8 | B77: Gales
A78: 9 | B78: Argentina
A79: 10 | B79: Arabia Saudí
A80: 11 | B80: México
A81: 12 | B81: Polonia
... A101: 32 | B101: Corea del Sur
A103: CLASIFICACIÓN FINAL
A105: 1o.
A106: 2o.
A107: 3o.
A108: 4o.

Sheet XXX
B1: MUNDIAL DE FÚTBOL QATAR 2022 | O1: Premios | Q1: 1 Puesto | S1: 0.7
B2: Escribir solo en las cajas | E2: VERDES | L2: 5 | M2: E | Q2: 2 Puesto | S2: 0.2
B3: No toque ni re formatee nada | Q3: 3 Puesto | S3: 0.1
B5: PARTICIPANTE: | L5: Resultado: 1 Pt | Q5: No tocar Columnas
L6: Exacto: 4 Pts | Q6: Naranjas
A8: Partido | B8: Fecha | G8: Resultado | L8: Resultado | Q8: Pts
G9: Suyo | L9: Real | Q9: Resu | R9: Exac | S9: Total
A10: Grupo A
A11: 1 | B11: 44885 | D11: Qatar | I11: Ecuador | L11: =OFICIAL!G6 -> 0 | M11: =OFICIAL!G6 -> 0 | N11: 0 | O11: =OFICIAL!I6 -> Ecuador | Q11: =IF(AND(OR(AND(G11-H11>0,L11-N11>0),AND(G11-H11<0,L11-N11<0),AND(G11-H11=0,L11-N11=0)),L11>-1,N11>-1),1,0) -> 1 | R11: =IF(AND(G11=L11,H11=N11,L11>-1,G11>-1),3,0) -> 3 | S11: =Q11+R11 -> 4
A12: 3 | B12: 44886 | D12: Senegal | I12: Países Bajos | L12: =OFICIAL!G7 -> 0 | M12: =OFICIAL!G7 -> 0 | N12: =OFICIAL!H7 -> 0 | O12: =OFICIAL!I7 -> Países Bajos | Q12: =IF(AND(OR(AND(G12-H12>0,L12-N12>0),AND(G12-H12<0,L12-N12<0),AND(G12-H12=0,L12-N12=0)),L12>-1,N12>-1),1,0) -> 1 | R12: =IF(AND(G12=L12,H12=N12,L12>-1,G12>-1),3,0) -> 3 | S12: =Q12+R12 -> 4
A13: 18 | B13: 44890 | D13: Qatar | I13: Senegal | L13: =OFICIAL!G8 -> 0 | M13: =OFICIAL!G8 -> 0 | N13: =OFICIAL!H8 -> 0 | O13: =OFICIAL!I8 -> Senegal | Q13: =IF(AND(OR(AND(G13-H13>0,L13-N13>0),AND(G13-H13<0,L13-N13<0),AND(G13-H13=0,L13-N13=0)),L13>-1,N13>-1),1,0) -> 1 | R13: =IF(AND(G13=L13,H13=N13,L13>-1,G13>-1),3,0) -> 3 | S13: =Q13+R13 -> 4
A14: 19 | B14: 44890 | D14: Países Bajos | I14: Ecuador | L14: =OFICIAL!G9 -> 0 | M14: =OFICIAL!G9 -> 0 | N14: =OFICIAL!H9 -> 0 | O14: =OFICIAL!I9 -> Ecuador | Q14: =IF(AND(OR(AND(G14-H14>0,L14-N14>0),AND(G14-H14<0,L14-N14<0),AND(G14-H14=0,L14-N14=0)),L14>-1,N14>-1),1,0) -> 1 | R14: =IF(AND(G14=L14,H14=N14,L14>-1,G14>-1),3,0) -> 3 | S14: =Q14+R14 -> 4
A15: 33 | B15: 44894 | D15: Países Bajos | I15: Qatar | L15: =OFICIAL!G10 -> 0 | M15: =OFICIAL!G10 -> 0 | N15: =OFICIAL!H10 -> 0 | O15: =OFICIAL!I10 -> Qatar | Q15: =IF(AND(OR(AND(G15-H15>0,L15-N15>0),AND(G15-H15<0,L15-N15<0),AND(G15-H15=0,L15-N15=0)),L15>-1,N15>-1),1,0) -> 1 | R15: =IF(AND(G15=L15,H15=N15,L15>-1,G15>-1),3,0) -> 3 | S15: =Q15+R15 -> 4
A16: 34 | B16: 44894 | D16: Ecuador | I16: Senegal | L16: =OFICIAL!G11 -> 0 | M16: =OFICIAL!G11 -> 0 | N16: =OFICIAL!H11 -> 0 | O16: =OFICIAL!I11 -> Senegal | Q16: =IF(AND(OR(AND(G16-H16>0,L16-N16>0),AND(G16-H16<0,L16-N16<0),AND(G16-H16=0,L16-N16=0)),L16>-1,N16>-1),1,0) -> 1 | R16: =IF(AND(G16=L16,H16=N16,L16>-1,G16>-1),3,0) -> 3 | S16: =Q16+R16 -> 4
A17: Grupo B
A18: 2 | B18: 44886 | D18: Inglaterra | I18: Irán | L18: =OFICIAL!G13 -> 0 | M18: =OFICIAL!G13 -> 0 | N18: =OFICIAL!H13 -> 0 | O18: =OFICIAL!I13 -> Irán | Q18: =IF(AND(OR(AND(G18-H18>0,L18-N18>0),AND(G18-H18<0,L18-N18<0),AND(G18-H18=0,L18-N18=0)),L18>-1,N18>-1),1,0) -> 1 | R18: =IF(AND(G18=L18,H18=N18,L18>-1,G18>-1),3,0) -> 3 | S18: =Q18+R18 -> 4
A19: 4 | B19: 44886 | D19: USA | I19: Gales | L19: =OFICIAL!G14 -> 0 | M19: =OFICIAL!G14 -> 0 | N19: =OFICIAL!H14 -> 0 | O19: =OFICIAL!I14 -> Gales | Q19: =IF(AND(OR(AND(G19-H19>0,L19-N19>0),AND(G19-H19<0,L19-N19<0),AND(G19-H19=0,L19-N19=0)),L19>-1,N19>-1),1,0) -> 1 | R19: =IF(AND(G19=L19,H19=N19,L19>-1,G19>-1),3,0) -> 3 | S19: =Q19+R19 -> 4
A20: 17 | B20: 44890 | D20: Gales | I20: Irán | L20: =OFICIAL!G15 -> 0 | M20: =OFICIAL!G15 -> 0 | N20: =OFICIAL!H15 -> 0 | O20: =OFICIAL!I15 -> Irán | Q20: =IF(AND(OR(AND(G20-H20>0,L20-N20>0),AND(G20-H20<0,L20-N20<0),AND(G20-H20=0,L20-N20=0)),L20>-1,N20>-1),1,0) -> 1 | R20: =IF(AND(G20=L20,H20=N20,L20>-1,G20>-1),3,0) -> 3 | S20: =Q20+R20 -> 4
A21: 20 | B21: 44890 | D21: Inglaterra | I21: USA | L21: =OFICIAL!G16 -> 0 | M21: =OFICIAL!G16 -> 0 | N21: =OFICIAL!H16 -> 0 | O21: =OFICIAL!I16 -> USA | Q21: =IF(AND(OR(AND(G21-H21>0,L21-N21>0),AND(G21-H21<0,L21-N21<0),AND(G21-H21=0,L21-N21=0)),L21>-1,N21>-1),1,0) -> 1 | R21: =IF(AND(G21=L21,H21=N21,L21>-1,G21>-1),3,0) -> 3 | S21: =Q21+R21 -> 4
A22: 35 | B22: 44894 | D22: Gales | I22: Inglaterra | L22: =OFICIAL!G17 -> 0 | M22: =OFICIAL!G17 -> 0 | N22: =OFICIAL!H17 -> 0 | O22: =OFICIAL!I17 -> Inglaterra | Q22: =IF(AND(OR(AND(G22-H22>0,L22-N22>0),AND(G22-H22<0,L22-N22<0),AND(G22-H22=0,L22-N22=0)),L22>-1,N22>-1),1,0) -> 1 | R22: =IF(AND(G22=L22,H22=N22,L22>-1,G22>-1),3,0) -> 3 | S22: =Q22+R22 -> 4
A23: 36 | B23: 44894 | D23: Irán | I23: USA | L23: =OFICIAL!G18 -> 0 | M23: =OFICIAL!G18 -> 0 | N23: =OFICIAL!H18 -> 0 | O23: =OFICIAL!I18 -> USA | Q23: =IF(AND(OR(AND(G23-H23>0,L23-N23>0),AND(G23-H23<0,L23-N23<0),AND(G23-H23=0,L23-N23=0)),L23>-1,N23>-1),1,0) -> 1 | R23: =IF(AND(G23=L23,H23=N23,L23>-1,G23>-1),3,0) -> 3 | S23: =Q23+R23 -> 4
A24: Grupo C
A25: 5 | B25: 44887 | D25: Argentina | I25: Arabia Saudí | L25: =OFICIAL!G20 -> 0 | M25: =OFICIAL!G20 -> 0 | N25: =OFICIAL!H20 -> 0 | O25: =OFICIAL!I20 -> Arabia Saudí | Q25: =IF(AND(OR(AND(G25-H25>0,L25-N25>0),AND(G25-H25<0,L25-N25<0),AND(G25-H25=0,L25-N25=0)),L25>-1,N25>-1),1,0) -> 1 | R25: =IF(AND(G25=L25,H25=N25,L25>-1,G25>-1),3,0) -> 3 | S25: =Q25+R25 -> 4
A26: 7 | B26: 44887 | D26: México | I26: Polonia | L26: =OFICIAL!G21 -> 0 | M26: =OFICIAL!G21 -> 0 | N26: =OFICIAL!H21 -> 0 | O26: =OFICIAL!I21 -> Polonia | Q26: =IF(AND(OR(AND(G26-H26>0,L26-N26>0),AND(G26-H26<0,L26-N26<0),AND(G26-H26=0,L26-N26=0)),L26>-1,N26>-1),1,0) -> 1 | R26: =IF(AND(G26=L26,H26=N26,L26>-1,G26>-1),3,0) -> 3 | S26: =Q26+R26 -> 4
A27: 22 | B27: 44891 | D27: Polonia | I27: Arabia Saudí | L27: =OFICIAL!G22 -> 0 | M27: =OFICIAL!G22 -> 0 | N27: =OFICIAL!H22 -> 0 | O27: =OFICIAL!I22 -> Arabia Saudí | Q27: =IF(AND(OR(AND(G27-H27>0,L27-N27>0),AND(G27-H27<0,L27-N27<0),AND(G27-H27=0,L27-N27=0)),L27>-1,N27>-1),1,0) -> 1 | R27: =IF(AND(G27=L27,H27=N27,L27>-1,G27>-1),3,0) -> 3 | S27: =Q27+R27 -> 4
A28: 24 | B28: 44891 | D28: Argentina | I28: México | L28: =OFICIAL!G23 -> 0 | M28: =OFICIAL!G23 -> 0 | N28: =OFICIAL!H23 -> 0 | O28: =OFICIAL!I23 -> México | Q28: =IF(AND(OR(AND(G28-H28>0,L28-N28>0),AND(G28-H28<0,L28-N28<0),AND(G28-H28=0,L28-N28=0)),L28>-1,N28>-1),1,0) -> 1 | R28: =IF(AND(G28=L28,H28=N28,L28>-1,G28>-1),3,0) -> 3 | S28: =Q28+R28 -> 4
A29: 39 | B29: 44895 | D29: Arabia Saudí | I29: México | L29: =OFICIAL!G24 -> 0 | M29: =OFICIAL!G24 -> 0 | N29: =OFICIAL!H24 -> 0 | O29: =OFICIAL!I24 -> México | Q29: =IF(AND(OR(AND(G29-H29>0,L29-N29>0),AND(G29-H29<0,L29-N29<0),AND(G29-H29=0,L29-N29=0)),L29>-1,N29>-1),1,0) -> 1 | R29: =IF(AND(G29=L29,H29=N29,L29>-1,G29>-1),3,0) -> 3 | S29: =Q29+R29 -> 4
A30: 40 | B30: 44895 | D30: Polonia | I30: Argentina | L30: =OFICIAL!G25 -> 0 | M30: =OFICIAL!G25 -> 0 | N30: =OFICIAL!H25 -> 0 | O30: =OFICIAL!I25 -> Argentina | Q30: =IF(AND(OR(AND(G30-H30>0,L30-N30>0),AND(G30-H30<0,L30-N30<0),AND(G30-H30=0,L30-N30=0)),L30>-1,N30>-1),1,0) -> 1 | R30: =IF(AND(G30=L30,H30=N30,L30>-1,G30>-1),3,0) -> 3 | S30: =Q30+R30 -> 4
A31: Grupo D
A32: 6 | B32: 44887 | D32: Dinamarca | I32: Túnez | L32: =OFICIAL!G27 -> 0 | M32: =OFICIAL!G27 -> 0 | N32: =OFICIAL!H27 -> 0 | O32: =OFICIAL!I27 -> Túnez | Q32: =IF(AND(OR(AND(G32-H32>0,L32-N32>0),AND(G32-H32<0,L32-N32<0),AND(G32-H32=0,L32-N32=0)),L32>-1,N32>-1),1,0) -> 1 | R32: =IF(AND(G32=L32,H32=N32,L32>-1,G32>-1),3,0) -> 3 | S32: =Q32+R32 -> 4
A33: 8 | B33: 44887 | D33: Francia | I33: Australia | L33: =OFICIAL!G28 -> 0 | M33: =OFICIAL!G28 -> 0 | N33: =OFICIAL!H28 -> 0 | O33: =OFICIAL!I28 -> Australia | Q33: =IF(AND(OR(AND(G33-H33>0,L33-N33>0),AND(G33-H33<0,L33-N33<0),AND(G33-H33=0,L33-N33=0)),L33>-1,N33>-1),1,0) -> 1 | R33: =IF(AND(G33=L33,H33=N33,L33>-1,G33>-1),3,0) -> 3 | S33: =Q33+R33 -> 4
A34: 21 | B34: 44891 | D34: Túnez | I34: Australia | L34: =OFICIAL!G29 -> 0 | M34: =OFICIAL!G29 -> 0 | N34: =OFICIAL!H29 -> 0 | O34: =OFICIAL!I29 -> Australia | Q34: =IF(AND(OR(AND(G34-H34>0,L34-N34>0),AND(G34-H34<0,L34-N34<0),AND(G34-H34=0,L34-N34=0)),L34>-1,N34>-1),1,0) -> 1 | R34: =IF(AND(G34=L34,H34=N34,L34>-1,G34>-1),3,0) -> 3 | S34: =Q34+R34 -> 4
A35: 23 | B35: 44891 | D35: Francia | I35: Dinamarca | L35: =OFICIAL!G30 -> 0 | M35: =OFICIAL!G30 -> 0 | N35: =OFICIAL!H30 -> 0 | O35: =OFICIAL!I30 -> Dinamarca | Q35: =IF(AND(OR(AND(G35-H35>0,L35-N35>0),AND(G35-H35<0,L35-N35<0),AND(G35-H35=0,L35-N35=0)),L35>-1,N35>-1),1,0) -> 1 | R35: =IF(AND(G35=L35,H35=N35,L35>-1,G35>-1),3,0) -> 3 | S35: =Q35+R35 -> 4
A36: 37 | B36: 44895 | D36: Túnez | I36: Francia | L36: =OFICIAL!G31 -> 0 | M36: =OFICIAL!G31 -> 0 | N36: =OFICIAL!H31 -> 0 | O36: =OFICIAL!I31 -> Francia | Q36: =IF(AND(OR(AND(G36-H36>0,L36-N36>0),AND(G36-H36<0,L36-N36<0),AND(G36-H36=0,L36-N36=0)),L36>-1,N36>-1),1,0) -> 1 | R36: =IF(AND(G36=L36,H36=N36,L36>-1,G36>-1),3,0) -> 3 | S36: =Q36+R36 -> 4
A37: 38 | B37: 44895 | D37: Australia | I37: Dinamarca | L37: =OFICIAL!G32 -> 0 | M37: =OFICIAL!G32 -> 0 | N37: =OFICIAL!H32 -> 0 | O37: =OFICIAL!I32 -> Dinamarca | Q37: =IF(AND(OR(AND(G37-H37>0,L37-N37>0),AND(G37-H37<0,L37-N37<0),AND(G37-H37=0,L37-N37=0)),L37>-1,N37>-1),1,0) -> 1 | R37: =IF(AND(G37=L37,H37=N37,L37>-1,G37>-1),3,0) -> 3 | S37: =Q37+R37 -> 4
A38: Grupo E
A39: 10 | B39: 44888 | D39: Alemania | I39: Japón | L39: =OFICIAL!G34 -> 0 | M39: =OFICIAL!G34 -> 0 | N39: =OFICIAL!H34 -> 0 | O39: =OFICIAL!I34 -> Japón | Q39: =IF(AND(OR(AND(G39-H39>0,L39-N39>0),AND(G39-H39<0,L39-N39<0),AND(G39-H39=0,L39-N39=0)),L39>-1,N39>-1),1,0) -> 1 | R39: =IF(AND(G39=L39,H39=N39,L39>-1,G39>-1),3,0) -> 3 | S39: =Q39+R39 -> 4
A40: 11 | B40: 44888 | D40: España | I40: Costa Rica | L40: =OFICIAL!G35 -> 0 | M40: =OFICIAL!G35 -> 0 | N40: =OFICIAL!H35 -> 0 | O40: =OFICIAL!I35 -> Costa Rica | Q40: =IF(AND(OR(AND(G40-H40>0,L40-N40>0),AND(G40-H40<0,L40-N40<0),AND(G40-H40=0,L40-N40=0)),L40>-1,N40>-1),1,0) -> 1 | R40: =IF(AND(G40=L40,H40=N40,L40>-1,G40>-1),3,0) -> 3 | S40: =Q40+R40 -> 4
A41: 25 | B41: 44892 | D41: Japón | I41: Costa Rica | L41: =OFICIAL!G36 -> 0 | M41: =OFICIAL!G36 -> 0 | N41: =OFICIAL!H36 -> 0 | O41: =OFICIAL!I36 -> Costa Rica | Q41: =IF(AND(OR(AND(G41-H41>0,L41-N41>0),AND(G41-H41<0,L41-N41<0),AND(G41-H41=0,L41-N41=0)),L41>-1,N41>-1),1,0) -> 1 | R41: =IF(AND(G41=L41,H41=N41,L41>-1,G41>-1),3,0) -> 3 | S41: =Q41+R41 -> 4
A42: 28 | B42: 44892 | D42: España | I42: Alemania | L42: =OFICIAL!G37 -> 0 | M42: =OFICIAL!G37 -> 0 | N42: =OFICIAL!H37 -> 0 | O42: =OFICIAL!I37 -> Alemania | Q42: =IF(AND(OR(AND(G42-H42>0,L42-N42>0),AND(G42-H42<0,L42-N42<0),AND(G42-H42=0,L42-N42=0)),L42>-1,N42>-1),1,0) -> 1 | R42: =IF(AND(G42=L42,H42=N42,L42>-1,G42>-1),3,0) -> 3 | S42: =Q42+R42 -> 4
A43: 43 | B43: 44896 | D43: Japón | I43: España | L43: =OFICIAL!G38 -> 0 | M43: =OFICIAL!G38 -> 0 | N43: =OFICIAL!H38 -> 0 | O43: =OFICIAL!I38 -> España | Q43: =IF(AND(OR(AND(G43-H43>0,L43-N43>0),AND(G43-H43<0,L43-N43<0),AND(G43-H43=0,L43-N43=0)),L43>-1,N43>-1),1,0) -> 1 | R43: =IF(AND(G43=L43,H43=N43,L43>-1,G43>-1),3,0) -> 3 | S43: =Q43+R43 -> 4
A44: 44 | B44: 44896 | D44: Costa Rica | I44: Alemania | L44: =OFICIAL!G39 -> 0 | M44: =OFICIAL!G39 -> 0 | N44: =OFICIAL!H39 -> 0 | O44: =OFICIAL!I39 -> Alemania | Q44: =IF(AND(OR(AND(G44-H44>0,L44-N44>0),AND(G44-H44<0,L44-N44<0),AND(G44-H44=0,L44-N44=0)),L44>-1,N44>-1),1,0) -> 1 | R44: =IF(AND(G44=L44,H44=N44,L44>-1,G44>-1),3,0) -> 3 | S44: =Q44+R44 -> 4
A45: Grupo F
A46: 9 | B46: 44888 | D46: Marruecos | I46: Croacia | L46: =OFICIAL!G41 -> 0 | M46: =OFICIAL!G41 -> 0 | N46: =OFICIAL!H41 -> 0 | O46: =OFICIAL!I41 -> Croacia | Q46: =IF(AND(OR(AND(G46-H46>0,L46-N46>0),AND(G46-H46<0,L46-N46<0),AND(G46-H46=0,L46-N46=0)),L46>-1,N46>-1),1,0) -> 1 | R46: =IF(AND(G46=L46,H46=N46,L46>-1,G46>-1),3,0) -> 3 | S46: =Q46+R46 -> 4
A47: 12 | B47: 44888 | D47: Bélgica | I47: Canadá | L47: =OFICIAL!G42 -> 0 | M47: =OFICIAL!G42 -> 0 | N47: =OFICIAL!H42 -> 0 | O47: =OFICIAL!I42 -> Canadá | Q47: =IF(AND(OR(AND(G47-H47>0,L47-N47>0),AND(G47-H47<0,L47-N47<0),AND(G47-H47=0,L47-N47=0)),L47>-1,N47>-1),1,0) -> 1 | R47: =IF(AND(G47=L47,H47=N47,L47>-1,G47>-1),3,0) -> 3 | S47: =Q47+R47 -> 4
A48: 26 | B48: 44892 | D48: Bélgica | I48: Marruecos | L48: =OFICIAL!G43 -> 0 | M48: =OFICIAL!G43 -> 0 | N48: =OFICIAL!H43 -> 0 | O48: =OFICIAL!I43 -> Marruecos | Q48: =IF(AND(OR(AND(G48-H48>0,L48-N48>0),AND(G48-H48<0,L48-N48<0),AND(G48-H48=0,L48-N48=0)),L48>-1,N48>-1),1,0) -> 1 | R48: =IF(AND(G48=L48,H48=N48,L48>-1,G48>-1),3,0) -> 3 | S48: =Q48+R48 -> 4
A49: 27 | B49: 44892 | D49: Croacia | I49: Canadá | L49: =OFICIAL!G44 -> 0 | M49: =OFICIAL!G44 -> 0 | N49: =OFICIAL!H44 -> 0 | O49: =OFICIAL!I44 -> Canadá | Q49: =IF(AND(OR(AND(G49-H49>0,L49-N49>0),AND(G49-H49<0,L49-N49<0),AND(G49-H49=0,L49-N49=0)),L49>-1,N49>-1),1,0) -> 1 | R49: =IF(AND(G49=L49,H49=N49,L49>-1,G49>-1),3,0) -> 3 | S49: =Q49+R49 -> 4
A50: 41 | B50: 44896 | D50: Croacia | I50: Bélgica | L50: =OFICIAL!G45 -> 0 | M50: =OFICIAL!G45 -> 0 | N50: =OFICIAL!H45 -> 0 | O50: =OFICIAL!I45 -> Bélgica | Q50: =IF(AND(OR(AND(G50-H50>0,L50-N50>0),AND(G50-H50<0,L50-N50<0),AND(G50-H50=0,L50-N50=0)),L50>-1,N50>-1),1,0) -> 1 | R50: =IF(AND(G50=L50,H50=N50,L50>-1,G50>-1),3,0) -> 3 | S50: =Q50+R50 -> 4
A51: 42 | B51: 44896 | D51: Canadá | I51: Marruecos | L51: =OFICIAL!G46 -> 0 | M51: =OFICIAL!G46 -> 0 | N51: =OFICIAL!H46 -> 0 | O51: =OFICIAL!I46 -> Marruecos | Q51: =IF(AND(OR(AND(G51-H51>0,L51-N51>0),AND(G51-H51<0,L51-N51<0),AND(G51-H51=0,L51-N51=0)),L51>-1,N51>-1),1,0) -> 1 | R51: =IF(AND(G51=L51,H51=N51,L51>-1,G51>-1),3,0) -> 3 | S51: =Q51+R51 -> 4
A52: Grupo G
A53: 13 | B53: 44889 | D53: Suiza | I53: Camerún | L53: =OFICIAL!G48 -> 0 | M53: =OFICIAL!G48 -> 0 | N53: =OFICIAL!H48 -> 0 | O53: =OFICIAL!I48 -> Camerún | Q53: =IF(AND(OR(AND(G53-H53>0,L53-N53>0),AND(G53-H53<0,L53-N53<0),AND(G53-H53=0,L53-N53=0)),L53>-1,N53>-1),1,0) -> 1 | R53: =IF(AND(G53=L53,H53=N53,L53>-1,G53>-1),3,0) -> 3 | S53: =Q53+R53 -> 4
A54: 16 | B54: 44889 | D54: Brasil | I54: Serbia | L54: =OFICIAL!G49 -> 0 | M54: =OFICIAL!G49 -> 0 | N54: =OFICIAL!H49 -> 0 | O54: =OFICIAL!I49 -> Serbia | Q54: =IF(AND(OR(AND(G54-H54>0,L54-N54>0),AND(G54-H54<0,L54-N54<0),AND(G54-H54=0,L54-N54=0)),L54>-1,N54>-1),1,0) -> 1 | R54: =IF(AND(G54=L54,H54=N54,L54>-1,G54>-1),3,0) -> 3 | S54: =Q54+R54 -> 4
A55: 29 | B55: 44893 | D55: Camerún | I55: Serbia | L55: =OFICIAL!G50 -> 0 | M55: =OFICIAL!G50 -> 0 | N55: =OFICIAL!H50 -> 0 | O55: =OFICIAL!I50 -> Serbia | Q55: =IF(AND(OR(AND(G55-H55>0,L55-N55>0),AND(G55-H55<0,L55-N55<0),AND(G55-H55=0,L55-N55=0)),L55>-1,N55>-1),1,0) -> 1 | R55: =IF(AND(G55=L55,H55=N55,L55>-1,G55>-1),3,0) -> 3 | S55: =Q55+R55 -> 4
A56: 31 | B56: 44893 | D56: Brasil | I56: Suiza | L56: =OFICIAL!G51 -> 0 | M56: =OFICIAL!G51 -> 0 | N56: =OFICIAL!H51 -> 0 | O56: =OFICIAL!I51 -> Suiza | Q56: =IF(AND(OR(AND(G56-H56>0,L56-N56>0),AND(G56-H56<0,L56-N56<0),AND(G56-H56=0,L56-N56=0)),L56>-1,N56>-1),1,0) -> 1 | R56: =IF(AND(G56=L56,H56=N56,L56>-1,G56>-1),3,0) -> 3 | S56: =Q56+R56 -> 4
A57: 47 | B57: 44897 | D57: Serbia | I57: Suiza | L57: =OFICIAL!G52 -> 0 | M57: =OFICIAL!G52 -> 0 | N57: =OFICIAL!H52 -> 0 | O57: =OFICIAL!I52 -> Suiza | Q57: =IF(AND(OR(AND(G57-H57>0,L57-N57>0),AND(G57-H57<0,L57-N57<0),AND(G57-H57=0,L57-N57=0)),L57>-1,N57>-1),1,0) -> 1 | R57: =IF(AND(G57=L57,H57=N57,L57>-1,G57>-1),3,0) -> 3 | S57: =Q57+R57 -> 4
A58: 48 | B58: 44897 | D58: Camerún | I58: Brasil | L58: =OFICIAL!G53 -> 0 | M58: =OFICIAL!G53 -> 0 | N58: =OFICIAL!H53 -> 0 | O58: =OFICIAL!I53 -> Brasil | Q58: =IF(AND(OR(AND(G58-H58>0,L58-N58>0),AND(G58-H58<0,L58-N58<0),AND(G58-H58=0,L58-N58=0)),L58>-1,N58>-1),1,0) -> 1 | R58: =IF(AND(G58=L58,H58=N58,L58>-1,G58>-1),3,0) -> 3 | S58: =Q58+R58 -> 4
A59: Grupo H
A60: 14 | B60: 44889 | D60: Uruguay | I60: Corea del Sur | L60: =OFICIAL!G55 -> 0 | M60: =OFICIAL!G55 -> 0 | N60: =OFICIAL!H55 -> 0 | O60: =OFICIAL!I55 -> Corea del Sur | Q60: =IF(AND(OR(AND(G60-H60>0,L60-N60>0),AND(G60-H60<0,L60-N60<0),AND(G60-H60=0,L60-N60=0)),L60>-1,N60>-1),1,0) -> 1 | R60: =IF(AND(G60=L60,H60=N60,L60>-1,G60>-1),3,0) -> 3 | S60: =Q60+R60 -> 4
A61: 15 | B61: 44889 | D61: Portugal | I61: Ghana | L61: =OFICIAL!G56 -> 0 | M61: =OFICIAL!G56 -> 0 | N61: =OFICIAL!H56 -> 0 | O61: =OFICIAL!I56 -> Ghana | Q61: =IF(AND(OR(AND(G61-H61>0,L61-N61>0),AND(G61-H61<0,L61-N61<0),AND(G61-H61=0,L61-N61=0)),L61>-1,N61>-1),1,0) -> 1 | R61: =IF(AND(G61=L61,H61=N61,L61>-1,G61>-1),3,0) -> 3 | S61: =Q61+R61 -> 4
A62: 30 | B62: 44893 | D62: Corea delSur | I62: Ghana | L62: =OFICIAL!G57 -> 0 | M62: =OFICIAL!G57 -> 0 | N62: =OFICIAL!H57 -> 0 | O62: =OFICIAL!I57 -> Ghana | Q62: =IF(AND(OR(AND(G62-H62>0,L62-N62>0),AND(G62-H62<0,L62-N62<0),AND(G62-H62=0,L62-N62=0)),L62>-1,N62>-1),1,0) -> 1 | R62: =IF(AND(G62=L62,H62=N62,L62>-1,G62>-1),3,0) -> 3 | S62: =Q62+R62 -> 4
A63: 32 | B63: 44893 | D63: Portugal | I63: Uruguay | L63: =OFICIAL!G58 -> 0 | M63: =OFICIAL!G58 -> 0 | N63: =OFICIAL!H58 -> 0 | O63: =OFICIAL!I58 -> Uruguay | Q63: =IF(AND(OR(AND(G63-H63>0,L63-N63>0),AND(G63-H63<0,L63-N63<0),AND(G63-H63=0,L63-N63=0)),L63>-1,N63>-1),1,0) -> 1 | R63: =IF(AND(G63=L63,H63=N63,L63>-1,G63>-1),3,0) -> 3 | S63: =Q63+R63 -> 4
A64: 45 | B64: 44897 | D64: Corea delSur | I64: Portugal | L64: =OFICIAL!G59 -> 0 | M64: =OFICIAL!G59 -> 0 | N64: =OFICIAL!H59 -> 0 | O64: =OFICIAL!I59 -> Portugal | Q64: =IF(AND(OR(AND(G64-H64>0,L64-N64>0),AND(G64-H64<0,L64-N64<0),AND(G64-H64=0,L64-N64=0)),L64>-1,N64>-1),1,0) -> 1 | R64: =IF(AND(G64=L64,H64=N64,L64>-1,G64>-1),3,0) -> 3 | S64: =Q64+R64 -> 4
A65: 46 | B65: 44897 | D65: Ghana | I65: Uruguay | L65: =OFICIAL!G60 -> 0 | M65: =OFICIAL!G60 -> 0 | N65: =OFICIAL!H60 -> 0 | O65: =OFICIAL!I60 -> Uruguay | Q65: =IF(AND(OR(AND(G65-H65>0,L65-N65>0),AND(G65-H65<0,L65-N65<0),AND(G65-H65=0,L65-N65=0)),L65>-1,N65>-1),1,0) -> 1 | R65: =IF(AND(G65=L65,H65=N65,L65>-1,G65>-1),3,0) -> 3 | S65: =Q65+R65 -> 4
B68: TOTAL PUNTOS PRIMERA FASE | Q68: =SUM(S11:S65) -> 192
A70: OTRAS FASES | C70: (Marque con una X, cada fase
C71: que cree que superará cada selección)
A72: Fases | C72: 8F | D72: 4F | E72: SF | F72: F
A73: Equipos a marcar | C73: 16 | D73: 8 | E73: 4 | F73: 2 | S73: Total
A74: Puntos por acierto | C74: 1 | D74: 2 | E74: 5 | F74: 8 | L74: Pts
L75: 8F | M75: 4F | N75: SF | O75: F
A76: 1 | B76: Qatar | L76: =IF(AND(C76=OFICIAL!C70,OFICIAL!C70="X"),1,0) -> 0 | M76: =IF(AND(D76=OFICIAL!D70,OFICIAL!D70="X"),2,0) -> 0 | N76: =IF(AND(E76=OFICIAL!E70,OFICIAL!E70="X"),5,0) -> 0 | O76: =IF(AND(F76=OFICIAL!F70,OFICIAL!F70="X"),8,0) -> 0 | S76: =SUM(L76:O76) -> 0
A77: 2 | B77: Ecuador | L77: =IF(AND(C77=OFICIAL!C71,OFICIAL!C71="X"),1,0) -> 0 | M77: =IF(AND(D77=OFICIAL!D71,OFICIAL!D71="X"),2,0) -> 0 | N77: =IF(AND(E77=OFICIAL!E71,OFICIAL!E71="X"),5,0) -> 0 | O77: =IF(AND(F77=OFICIAL!F71,OFICIAL!F71="X"),8,0) -> 0 | S77: =SUM(L77:O77) -> 0
A78: 3 | B78: Senegal | L78: =IF(AND(C78=OFICIAL!C72,OFICIAL!C72="X"),1,0) -> 0 | M78: =IF(AND(D78=OFICIAL!D72,OFICIAL!D72="X"),2,0) -> 0 | N78: =IF(AND(E78=OFICIAL!E72,OFICIAL!E72="X"),5,0) -> 0 | O78: =IF(AND(F78=OFICIAL!F72,OFICIAL!F72="X"),8,0) -> 0 | S78: =SUM(L78:O78) -> 0
A79: 4 | B79: Países Bajos | L79: =IF(AND(C79=OFICIAL!C73,OFICIAL!C73="X"),1,0) -> 0 | M79: =IF(AND(D79=OFICIAL!D73,OFICIAL!D73="X"),2,0) -> 0 | N79: =IF(AND(E79=OFICIAL!E73,OFICIAL!E73="X"),5,0) -> 0 | O79: =IF(AND(F79=OFICIAL!F73,OFICIAL!F73="X"),8,0) -> 0 | S79: =SUM(L79:O79) -> 0
A80: 5 | B80: Inglaterra | L80: =IF(AND(C80=OFICIAL!C74,OFICIAL!C74="X"),1,0) -> 0 | M80: =IF(AND(D80=OFICIAL!D74,OFICIAL!D74="X"),2,0) -> 0 | N80: =IF(AND(E80=OFICIAL!E74,OFICIAL!E74="X"),5,0) -> 0 | O80: =IF(AND(F80=OFICIAL!F74,OFICIAL!F74="X"),8,0) -> 0 | S80: =SUM(L80:O80) -> 0
A81: 6 | B81: Irán | L81: =IF(AND(C81=OFICIAL!C75,OFICIAL!C75="X"),1,0) -> 0 | M81: =IF(AND(D81=OFICIAL!D75,OFICIAL!D75="X"),2,0) -> 0 | N81: =IF(AND(E81=OFICIAL!E75,OFICIAL!E75="X"),5,0) -> 0 | O81: =IF(AND(F81=OFICIAL!F75,OFICIAL!F75="X"),8,0) -> 0 | S81: =SUM(L81:O81) -> 0
A82: 7 | B82: USA | L82: =IF(AND(C82=OFICIAL!C76,OFICIAL!C76="X"),1,0) -> 0 | M82: =IF(AND(D82=OFICIAL!D76,OFICIAL!D76="X"),2,0) -> 0 | N82: =IF(AND(E82=OFICIAL!E76,OFICIAL!E76="X"),5,0) -> 0 | O82: =IF(AND(F82=OFICIAL!F76,OFICIAL!F76="X"),8,0) -> 0 | S82: =SUM(L82:O82) -> 0
A83: 8 | B83: Gales | L83: =IF(AND(C83=OFICIAL!C77,OFICIAL!C77="X"),1,0) -> 0 | M83: =IF(AND(D83=OFICIAL!D77,OFICIAL!D77="X"),2,0) -> 0 | N83: =IF(AND(E83=OFICIAL!E77,OFICIAL!E77="X"),5,0) -> 0 | O83: =IF(AND(F83=OFICIAL!F77,OFICIAL!F77="X"),8,0) -> 0 | S83: =SUM(L83:O83) -> 0
A84: 9 | B84: Argentina | L84: =IF(AND(C84=OFICIAL!C78,OFICIAL!C78="X"),1,0) -> 0 | M84: =IF(AND(D84=OFICIAL!D78,OFICIAL!D78="X"),2,0) -> 0 | N84: =IF(AND(E84=OFICIAL!E78,OFICIAL!E78="X"),5,0) -> 0 | O84: =IF(AND(F84=OFICIAL!F78,OFICIAL!F78="X"),8,0) -> 0 | S84: =SUM(L84:O84) -> 0
A85: 10 | B85: Arabia Saudí | L85: =IF(AND(C85=OFICIAL!C79,OFICIAL!C79="X"),1,0) -> 0 | M85: =IF(AND(D85=OFICIAL!D79,OFICIAL!D79="X"),2,0) -> 0 | N85: =IF(AND(E85=OFICIAL!E79,OFICIAL!E79="X"),5,0) -> 0 | O85: =IF(AND(F85=OFICIAL!F79,OFICIAL!F79="X"),8,0) -> 0 | S85: =SUM(L85:O85) -> 0
A86: 11 | B86: México | L86: =IF(AND(C86=OFICIAL!C80,OFICIAL!C80="X"),1,0) -> 0 | M86: =IF(AND(D86=OFICIAL!D80,OFICIAL!D80="X"),2,0) -> 0 | N86: =IF(AND(E86=OFICIAL!E80,OFICIAL!E80="X"),5,0) -> 0 | O86: =IF(AND(F86=OFICIAL!F80,OFICIAL!F80="X"),8,0) -> 0 | S86: =SUM(L86:O86) -> 0
A87: 12 | B87: Polonia | L87: =IF(AND(C87=OFICIAL!C81,OFICIAL!C81="X"),1,0) -> 0 | M87: =IF(AND(D87=OFICIAL!D81,OFICIAL!D81="X"),2,0) -> 0 | N87: =IF(AND(E87=OFICIAL!E81,OFICIAL!E81="X"),5,0) -> 0 | O87: =IF(AND(F87=OFICIAL!F81,OFICIAL!F81="X"),8,0) -> 0 | S87: =SUM(L87:O87) -> 0
... A107: 32 | B107: Corea del Sur | L107: =IF(AND(C107=OFICIAL!C101,OFICIAL!C101="X"),1,0) -> 0 | M107: =IF(AND(D107=OFICIAL!D101,OFICIAL!D101="X"),2,0) -> 0 | N107: =IF(AND(E107=OFICIAL!E101,OFICIAL!E101="X"),5,0) -> 0 | O107: =IF(AND(F107=OFICIAL!F101,OFICIAL!F101="X"),8,0) -> 0 | S107: =SUM(L107:O107) -> 0
B109: TOTAL PUNTOS OTRAS FASES | L109: =SUM(L76:L108) -> 0 | M109: =SUM(M76:M108) -> 0 | N109: =SUM(N76:N108) -> 0 | O109: =SUM(O76:O108) -> 0 | Q109: =SUM(S76:S108) -> 0
A111: CLASIFICACIÓN FINAL
A113: 1o. | D113: 10 Pts Acierto | S113: =IF(B113=OFICIAL!B105,10,0) -> 10
A114: 2o. | D114: 8 Pts Acierto | S114: =IF(B114=OFICIAL!B106,8,0) -> 8
A115: 3o. | D115: 6 Pts Acierto | S115: =IF(B115=OFICIAL!B107,6,0) -> 6
A116: 4o. | D116: 4 Pts Acierto | S116: =IF(B116=OFICIAL!B108,4,0) -> 4
B118: TOTAL PUNTOS CLASIFICACIÓN FINAL | Q118: =SUM(S113:S116) -> 28
A120: GOLEADORES
B121: Puede poner 3 posibles goleadores. Si acierta alguno, tendrá 10 pts
B127: TOTAL PUNTOS GOLEADORES | Q127: =SUM(S123:S125) -> 0
A129: RESUMEN PUNTOS
B131: PUNTOS PRIMERA FASE | Q131: =Q68 -> 192
B132: PUNTOS OTRAS FASES | Q132: =Q109 -> 0
B133: PUNTOS CLASIFICACIÓN FINAL | Q133: =Q118 -> 28
B134: PUNTOS GOLEADOR | Q134: =Q127 -> 0
B135: PUNTOS TOTALES | Q135: =SUM(Q131:S134) -> 220

Sheet creuaments
A3: 1A | H3: 1B
A4: 2B | B4: XXXX | G4: XXXX | H4: 2A
C6: XXXX | F6: XXXX
A8: 1C | B8: XXXX | G8: XXXX | H8: 1D
A9: 2D | H9: 2C
D11: XXXX | E11: XXXX
A13: 1E | H13: 1F
A14: 2F | B14: XXXX | G14: XXXX | H14: 2E
C16: XXXX | F16: XXXX
A18: 1G | B18: XXXX | G18: XXXX | H18: 1H
A19: 2H | H19: 2G

Sheet SMJ
B1: MUNDIAL DE FÚTBOL QATAR 2022 | O1: Premios | Q1: 1 Puesto | S1: 0.7
B2: Escribir solo en las cajas | E2: VERDES | L2: 5 | M2: E | Q2: 2 Puesto | S2: 0.2
B3: No toque ni re formatee nada | Q3: 3 Puesto | S3: 0.1
B5: PARTICIPANTE: | C5: JORDI SERRAHIMA | L5: Resultado: 1 Pt | Q5: No tocar Columnas
L6: Exacto: 4 Pts | Q6: Naranjas
A8: Partido | B8: Fecha | G8: Resultado | L8: Resultado | Q8: Pts
G9: Suyo | L9: Real | Q9: Resu | R9: Exac | S9: Total
A10: Grupo A
A11: 1 | B11: 44885 | D11: Qatar | G11: 1 | H11: 3 | I11: Ecuador | L11: =OFICIAL!G6 -> 0 | M11: =OFICIAL!G6 -> 0 | N11: =OFICIAL!H6 -> 2 | O11: =OFICIAL!I6 -> Ecuador | Q11: =IF(AND(OR(AND(G11-H11>0,L11-N11>0),AND(G11-H11<0,L11-N11<0),AND(G11-H11=0,L11-N11=0)),L11>-1,N11>-1),1,0) -> 1 | R11: =IF(AND(G11=L11,H11=N11,L11>-1,G11>-1),3,0) -> 0 | S11: =Q11+R11 -> 1
A12: 3 | B12: 44886 | D12: Senegal | G12: 0 | H12: 4 | I12: Países Bajos | L12: =OFICIAL!G7 -> 0 | M12: =OFICIAL!G7 -> 0 | N12: =OFICIAL!H7 -> 0 | O12: =OFICIAL!I7 -> Países Bajos | Q12: =IF(AND(OR(AND(G12-H12>0,L12-N12>0),AND(G12-H12<0,L12-N12<0),AND(G12-H12=0,L12-N12=0)),L12>-1,N12>-1),1,0) -> 0 | R12: =IF(AND(G12=L12,H12=N12,L12>-1,G12>-1),3,0) -> 0 | S12: =Q12+R12 -> 0
A13: 18 | B13: 44890 | D13: Qatar | G13: 1 | H13: 0 | I13: Senegal | L13: =OFICIAL!G8 -> 0 | M13: =OFICIAL!G8 -> 0 | N13: =OFICIAL!H8 -> 0 | O13: =OFICIAL!I8 -> Senegal | Q13: =IF(AND(OR(AND(G13-H13>0,L13-N13>0),AND(G13-H13<0,L13-N13<0),AND(G13-H13=0,L13-N13=0)),L13>-1,N13>-1),1,0) -> 0 | R13: =IF(AND(G13=L13,H13=N13,L13>-1,G13>-1),3,0) -> 0 | S13: =Q13+R13 -> 0
A14: 19 | B14: 44890 | D14: Países Bajos | G14: 2 | H14: 0 | I14: Ecuador | L14: =OFICIAL!G9 -> 0 | M14: =OFICIAL!G9 -> 0 | N14: =OFICIAL!H9 -> 0 | O14: =OFICIAL!I9 -> Ecuador | Q14: =IF(AND(OR(AND(G14-H14>0,L14-N14>0),AND(G14-H14<0,L14-N14<0),AND(G14-H14=0,L14-N14=0)),L14>-1,N14>-1),1,0) -> 0 | R14: =IF(AND(G14=L14,H14=N14,L14>-1,G14>-1),3,0) -> 0 | S14: =Q14+R14 -> 0
A15: 33 | B15: 44894 | D15: Países Bajos | G15: 2 | H15: 1 | I15: Qatar | L15: =OFICIAL!G10 -> 0 | M15: =OFICIAL!G10 -> 0 | N15: =OFICIAL!H10 -> 0 | O15: =OFICIAL!I10 -> Qatar | Q15: =IF(AND(OR(AND(G15-H15>0,L15-N15>0),AND(G15-H15<0,L15-N15<0),AND(G15-H15=0,L15-N15=0)),L15>-1,N15>-1),1,0) -> 0 | R15: =IF(AND(G15=L15,H15=N15,L15>-1,G15>-1),3,0) -> 0 | S15: =Q15+R15 -> 0
A16: 34 | B16: 44894 | D16: Ecuador | G16: 2 | H16: 1 | I16: Senegal | L16: =OFICIAL!G11 -> 0 | M16: =OFICIAL!G11 -> 0 | N16: =OFICIAL!H11 -> 0 | O16: =OFICIAL!I11 -> Senegal | Q16: =IF(AND(OR(AND(G16-H16>0,L16-N16>0),AND(G16-H16<0,L16-N16<0),AND(G16-H16=0,L16-N16=0)),L16>-1,N16>-1),1,0) -> 0 | R16: =IF(AND(G16=L16,H16=N16,L16>-1,G16>-1),3,0) -> 0 | S16: =Q16+R16 -> 0
A17: Grupo B
A18: 2 | B18: 44886 | D18: Inglaterra | G18: 3 | H18: 1 | I18: Irán | L18: =OFICIAL!G13 -> 0 | M18: =OFICIAL!G13 -> 0 | N18: =OFICIAL!H13 -> 0 | O18: =OFICIAL!I13 -> Irán | Q18: =IF(AND(OR(AND(G18-H18>0,L18-N18>0),AND(G18-H18<0,L18-N18<0),AND(G18-H18=0,L18-N18=0)),L18>-1,N18>-1),1,0) -> 0 | R18: =IF(AND(G18=L18,H18=N18,L18>-1,G18>-1),3,0) -> 0 | S18: =Q18+R18 -> 0
A19: 4 | B19: 44886 | D19: USA | G19: 1 | H19: 1 | I19: Gales | L19: =OFICIAL!G14 -> 0 | M19: =OFICIAL!G14 -> 0 | N19: =OFICIAL!H14 -> 0 | O19: =OFICIAL!I14 -> Gales | Q19: =IF(AND(OR(AND(G19-H19>0,L19-N19>0),AND(G19-H19<0,L19-N19<0),AND(G19-H19=0,L19-N19=0)),L19>-1,N19>-1),1,0) -> 1 | R19: =IF(AND(G19=L19,H19=N19,L19>-1,G19>-1),3,0) -> 0 | S19: =Q19+R19 -> 1
A20: 17 | B20: 44890 | D20: Gales | G20: 2 | H20: 0 | I20: Irán | L20: =OFICIAL!G15 -> 0 | M20: =OFICIAL!G15 -> 0 | N20: =OFICIAL!H15 -> 0 | O20: =OFICIAL!I15 -> Irán | Q20: =IF(AND(OR(AND(G20-H20>0,L20-N20>0),AND(G20-H20<0,L20-N20<0),AND(G20-H20=0,L20-N20=0)),L20>-1,N20>-1),1,0) -> 0 | R20: =IF(AND(G20=L20,H20=N20,L20>-1,G20>-1),3,0) -> 0 | S20: =Q20+R20 -> 0
A21: 20 | B21: 44890 | D21: Inglaterra | G21: 2 | H21: 0 | I21: USA | L21: =OFICIAL!G16 -> 0 | M21: =OFICIAL!G16 -> 0 | N21: =OFICIAL!H16 -> 0 | O21: =OFICIAL!I16 -> USA | Q21: =IF(AND(OR(AND(G21-H21>0,L21-N21>0),AND(G21-H21<0,L21-N21<0),AND(G21-H21=0,L21-N21=0)),L21>-1,N21>-1),1,0) -> 0 | R21: =IF(AND(G21=L21,H21=N21,L21>-1,G21>-1),3,0) -> 0 | S21: =Q21+R21 -> 0
A22: 35 | B22: 44894 | D22: Gales | G22: 1 | H22: 1 | I22: Inglaterra | L22: =OFICIAL!G17 -> 0 | M22: =OFICIAL!G17 -> 0 | N22: =OFICIAL!H17 -> 0 | O22: =OFICIAL!I17 -> Inglaterra | Q22: =IF(AND(OR(AND(G22-H22>0,L22-N22>0),AND(G22-H22<0,L22-N22<0),AND(G22-H22=0,L22-N22=0)),L22>-1,N22>-1),1,0) -> 1 | R22: =IF(AND(G22=L22,H22=N22,L22>-1,G22>-1),3,0) -> 0 | S22: =Q22+R22 -> 1
A23: 36 | B23: 44894 | D23: Irán | G23: 1 | H23: 2 | I23: USA | L23: =OFICIAL!G18 -> 0 | M23: =OFICIAL!G18 -> 0 | N23: =OFICIAL!H18 -> 0 | O23: =OFICIAL!I18 -> USA | Q23: =IF(AND(OR(AND(G23-H23>0,L23-N23>0),AND(G23-H23<0,L23-N23<0),AND(G23-H23=0,L23-N23=0)),L23>-1,N23>-1),1,0) -> 0 | R23: =IF(AND(G23=L23,H23=N23,L23>-1,G23>-1),3,0) -> 0 | S23: =Q23+R23 -> 0
A24: Grupo C
A25: 5 | B25: 44887 | D25: Argentina | G25: 3 | H25: 0 | I25: Arabia Saudí | L25: =OFICIAL!G20 -> 0 | M25: =OFICIAL!G20 -> 0 | N25: =OFICIAL!H20 -> 0 | O25: =OFICIAL!I20 -> Arabia Saudí | Q25: =IF(AND(OR(AND(G25-H25>0,L25-N25>0),AND(G25-H25<0,L25-N25<0),AND(G25-H25=0,L25-N25=0)),L25>-1,N25>-1),1,0) -> 0 | R25: =IF(AND(G25=L25,H25=N25,L25>-1,G25>-1),3,0) -> 0 | S25: =Q25+R25 -> 0
A26: 7 | B26: 44887 | D26: México | G26: 1 | H26: 2 | I26: Polonia | L26: =OFICIAL!G21 -> 0 | M26: =OFICIAL!G21 -> 0 | N26: =OFICIAL!H21 -> 0 | O26: =OFICIAL!I21 -> Polonia | Q26: =IF(AND(OR(AND(G26-H26>0,L26-N26>0),AND(G26-H26<0,L26-N26<0),AND(G26-H26=0,L26-N26=0)),L26>-1,N26>-1),1,0) -> 0 | R26: =IF(AND(G26=L26,H26=N26,L26>-1,G26>-1),3,0) -> 0 | S26: =Q26+R26 -> 0
A27: 22 | B27: 44891 | D27: Polonia | G27: 2 | H27: 0 | I27: Arabia Saudí | L27: =OFICIAL!G22 -> 0 | M27: =OFICIAL!G22 -> 0 | N27: =OFICIAL!H22 -> 0 | O27: =OFICIAL!I22 -> Arabia Saudí | Q27: =IF(AND(OR(AND(G27-H27>0,L27-N27>0),AND(G27-H27<0,L27-N27<0),AND(G27-H27=0,L27-N27=0)),L27>-1,N27>-1),1,0) -> 0 | R27: =IF(AND(G27=L27,H27=N27,L27>-1,G27>-1),3,0) -> 0 | S27: =Q27+R27 -> 0
A28: 24 | B28: 44891 | D28: Argentina | G28: 1 | H28: 0 | I28: México | L28: =OFICIAL!G23 -> 0 | M28: =OFICIAL!G23 -> 0 | N28: =OFICIAL!H23 -> 0 | O28: =OFICIAL!I23 -> México | Q28: =IF(AND(OR(AND(G28-H28>0,L28-N28>0),AND(G28-H28<0,L28-N28<0),AND(G28-H28=0,L28-N28=0)),L28>-1,N28>-1),1,0) -> 0 | R28: =IF(AND(G28=L28,H28=N28,L28>-1,G28>-1),3,0) -> 0 | S28: =Q28+R28 -> 0
A29: 39 | B29: 44895 | D29: Arabia Saudí | G29: 0 | H29: 2 | I29: México | L29: =OFICIAL!G24 -> 0 | M29: =OFICIAL!G24 -> 0 | N29: =OFICIAL!H24 -> 0 | O29: =OFICIAL!I24 -> México | Q29: =IF(AND(OR(AND(G29-H29>0,L29-N29>0),AND(G29-H29<0,L29-N29<0),AND(G29-H29=0,L29-N29=0)),L29>-1,N29>-1),1,0) -> 0 | R29: =IF(AND(G29=L29,H29=N29,L29>-1,G29>-1),3,0) -> 0 | S29: =Q29+R29 -> 0
A30: 40 | B30: 44895 | D30: Polonia | G30: 1 | H30: 2 | I30: Argentina | L30: =OFICIAL!G25 -> 0 | M30: =OFICIAL!G25 -> 0 | N30: =OFICIAL!H25 -> 0 | O30: =OFICIAL!I25 -> Argentina | Q30: =IF(AND(OR(AND(G30-H30>0,L30-N30>0),AND(G30-H30<0,L30-N30<0),AND(G30-H30=0,L30-N30=0)),L30>-1,N30>-1),1,0) -> 0 | R30: =IF(AND(G30=L30,H30=N30,L30>-1,G30>-1),3,0) -> 0 | S30: =Q30+R30 -> 0
A31: Grupo D
A32: 6 | B32: 44887 | D32: Dinamarca | G32: 2 | H32: 1 | I32: Túnez | L32: =OFICIAL!G27 -> 0 | M32: =OFICIAL!G27 -> 0 | N32: =OFICIAL!H27 -> 0 | O32: =OFICIAL!I27 -> Túnez | Q32: =IF(AND(OR(AND(G32-H32>0,L32-N32>0),AND(G32-H32<0,L32-N32<0),AND(G32-H32=0,L32-N32=0)),L32>-1,N32>-1),1,0) -> 0 | R32: =IF(AND(G32=L32,H32=N32,L32>-1,G32>-1),3,0) -> 0 | S32: =Q32+R32 -> 0
A33: 8 | B33: 44887 | D33: Francia | G33: 5 | H33: 0 | I33: Australia | L33: =OFICIAL!G28 -> 0 | M33: =OFICIAL!G28 -> 0 | N33: =OFICIAL!H28 -> 0 | O33: =OFICIAL!I28 -> Australia | Q33: =IF(AND(OR(AND(G33-H33>0,L33-N33>0),AND(G33-H33<0,L33-N33<0),AND(G33-H33=0,L33-N33=0)),L33>-1,N33>-1),1,0) -> 0 | R33: =IF(AND(G33=L33,H33=N33,L33>-1,G33>-1),3,0) -> 0 | S33: =Q33+R33 -> 0
A34: 21 | B34: 44891 | D34: Túnez | G34: 1 | H34: 0 | I34: Australia | L34: =OFICIAL!G29 -> 0 | M34: =OFICIAL!G29 -> 0 | N34: =OFICIAL!H29 -> 0 | O34: =OFICIAL!I29 -> Australia | Q34: =IF(AND(OR(AND(G34-H34>0,L34-N34>0),AND(G34-H34<0,L34-N34<0),AND(G34-H34=0,L34-N34=0)),L34>-1,N34>-1),1,0) -> 0 | R34: =IF(AND(G34=L34,H34=N34,L34>-1,G34>-1),3,0) -> 0 | S34: =Q34+R34 -> 0
A35: 23 | B35: 44891 | D35: Francia | G35: 1 | H35: 0 | I35: Dinamarca | L35: =OFICIAL!G30 -> 0 | M35: =OFICIAL!G30 -> 0 | N35: =OFICIAL!H30 -> 0 | O35: =OFICIAL!I30 -> Dinamarca | Q35: =IF(AND(OR(AND(G35-H35>0,L35-N35>0),AND(G35-H35<0,L35-N35<0),AND(G35-H35=0,L35-N35=0)),L35>-1,N35>-1),1,0) -> 0 | R35: =IF(AND(G35=L35,H35=N35,L35>-1,G35>-1),3,0) -> 0 | S35: =Q35+R35 -> 0
A36: 37 | B36: 44895 | D36: Túnez | G36: 1 | H36: 3 | I36: Francia | L36: =OFICIAL!G31 -> 0 | M36: =OFICIAL!G31 -> 0 | N36: =OFICIAL!H31 -> 0 | O36: =OFICIAL!I31 -> Francia | Q36: =IF(AND(OR(AND(G36-H36>0,L36-N36>0),AND(G36-H36<0,L36-N36<0),AND(G36-H36=0,L36-N36=0)),L36>-1,N36>-1),1,0) -> 0 | R36: =IF(AND(G36=L36,H36=N36,L36>-1,G36>-1),3,0) -> 0 | S36: =Q36+R36 -> 0
A37: 38 | B37: 44895 | D37: Australia | G37: 0 | H37: 2 | I37: Dinamarca | L37: =OFICIAL!G32 -> 0 | M37: =OFICIAL!G32 -> 0 | N37: =OFICIAL!H32 -> 0 | O37: =OFICIAL!I32 -> Dinamarca | Q37: =IF(AND(OR(AND(G37-H37>0,L37-N37>0),AND(G37-H37<0,L37-N37<0),AND(G37-H37=0,L37-N37=0)),L37>-1,N37>-1),1,0) -> 0 | R37: =IF(AND(G37=L37,H37=N37,L37>-1,G37>-1),3,0) -> 0 | S37: =Q37+R37 -> 0
A38: Grupo E
A39: 10 | B39: 44888 | D39: Alemania | G39: 3 | H39: 0 | I39: Japón | L39: =OFICIAL!G34 -> 0 | M39: =OFICIAL!G34 -> 0 | N39: =OFICIAL!H34 -> 0 | O39: =OFICIAL!I34 -> Japón | Q39: =IF(AND(OR(AND(G39-H39>0,L39-N39>0),AND(G39-H39<0,L39-N39<0),AND(G39-H39=0,L39-N39=0)),L39>-1,N39>-1),1,0) -> 0 | R39: =IF(AND(G39=L39,H39=N39,L39>-1,G39>-1),3,0) -> 0 | S39: =Q39+R39 -> 0
A40: 11 | B40: 44888 | D40: España | G40: 3 | H40: 1 | I40: Costa Rica | L40: =OFICIAL!G35 -> 0 | M40: =OFICIAL!G35 -> 0 | N40: =OFICIAL!H35 -> 0 | O40: =OFICIAL!I35 -> Costa Rica | Q40: =IF(AND(OR(AND(G40-H40>0,L40-N40>0),AND(G40-H40<0,L40-N40<0),AND(G40-H40=0,L40-N40=0)),L40>-1,N40>-1),1,0) -> 0 | R40: =IF(AND(G40=L40,H40=N40,L40>-1,G40>-1),3,0) -> 0 | S40: =Q40+R40 -> 0
A41: 25 | B41: 44892 | D41: Japón | G41: 2 | H41: 1 | I41: Costa Rica | L41: =OFICIAL!G36 -> 0 | M41: =OFICIAL!G36 -> 0 | N41: =OFICIAL!H36 -> 0 | O41: =OFICIAL!I36 -> Costa Rica | Q41: =IF(AND(OR(AND(G41-H41>0,L41-N41>0),AND(G41-H41<0,L41-N41<0),AND(G41-H41=0,L41-N41=0)),L41>-1,N41>-1),1,0) -> 0 | R41: =IF(AND(G41=L41,H41=N41,L41>-1,G41>-1),3,0) -> 0 | S41: =Q41+R41 -> 0
A42: 28 | B42: 44892 | D42: España | G42: 1 | H42: 1 | I42: Alemania | L42: =OFICIAL!G37 -> 0 | M42: =OFICIAL!G37 -> 0 | N42: =OFICIAL!H37 -> 0 | O42: =OFICIAL!I37 -> Alemania | Q42: =IF(AND(OR(AND(G42-H42>0,L42-N42>0),AND(G42-H42<0,L42-N42<0),AND(G42-H42=0,L42-N42=0)),L42>-1,N42>-1),1,0) -> 1 | R42: =IF(AND(G42=L42,H42=N42,L42>-1,G42>-1),3,0) -> 0 | S42: =Q42+R42 -> 1
A43: 43 | B43: 44896 | D43: Japón | G43: 1 | H43: 3 | I43: España | L43: =OFICIAL!G38 -> 0 | M43: =OFICIAL!G38 -> 0 | N43: =OFICIAL!H38 -> 0 | O43: =OFICIAL!I38 -> España | Q43: =IF(AND(OR(AND(G43-H43>0,L43-N43>0),AND(G43-H43<0,L43-N43<0),AND(G43-H43=0,L43-N43=0)),L43>-1,N43>-1),1,0) -> 0 | R43: =IF(AND(G43=L43,H43=N43,L43>-1,G43>-1),3,0) -> 0 | S43: =Q43+R43 -> 0
A44: 44 | B44: 44896 | D44: Costa Rica | G44: 0 | H44: 4 | I44: Alemania | L44: =OFICIAL!G39 -> 0 | M44: =OFICIAL!G39 -> 0 | N44: =OFICIAL!H39 -> 0 | O44: =OFICIAL!I39 -> Alemania | Q44: =IF(AND(OR(AND(G44-H44>0,L44-N44>0),AND(G44-H44<0,L44-N44<0),AND(G44-H44=0,L44-N44=0)),L44>-1,N44>-1),1,0) -> 0 | R44: =IF(AND(G44=L44,H44=N44,L44>-1,G44>-1),3,0) -> 0 | S44: =Q44+R44 -> 0
A45: Grupo F
A46: 9 | B46: 44888 | D46: Marruecos | G46: 1 | H46: 2 | I46: Croacia | L46: =OFICIAL!G41 -> 0 | M46: =OFICIAL!G41 -> 0 | N46: =OFICIAL!H41 -> 0 | O46: =OFICIAL!I41 -> Croacia | Q46: =IF(AND(OR(AND(G46-H46>0,L46-N46>0),AND(G46-H46<0,L46-N46<0),AND(G46-H46=0,L46-N46=0)),L46>-1,N46>-1),1,0) -> 0 | R46: =IF(AND(G46=L46,H46=N46,L46>-1,G46>-1),3,0) -> 0 | S46: =Q46+R46 -> 0
A47: 12 | B47: 44888 | D47: Bélgica | G47: 3 | H47: 1 | I47: Canadá | L47: =OFICIAL!G42 -> 0 | M47: =OFICIAL!G42 -> 0 | N47: =OFICIAL!H42 -> 0 | O47: =OFICIAL!I42 -> Canadá | Q47: =IF(AND(OR(AND(G47-H47>0,L47-N47>0),AND(G47-H47<0,L47-N47<0),AND(G47-H47=0,L47-N47=0)),L47>-1,N47>-1),1,0) -> 0 | R47: =IF(AND(G47=L47,H47=N47,L47>-1,G47>-1),3,0) -> 0 | S47: =Q47+R47 -> 0
A48: 26 | B48: 44892 | D48: Bélgica | G48: 3 | H48: 0 | I48: Marruecos | L48: =OFICIAL!G43 -> 0 | M48: =OFICIAL!G43 -> 0 | N48: =OFICIAL!H43 -> 0 | O48: =OFICIAL!I43 -> Marruecos | Q48: =IF(AND(OR(AND(G48-H48>0,L48-N48>0),AND(G48-H48<0,L48-N48<0),AND(G48-H48=0,L48-N48=0)),L48>-1,N48>-1),1,0) -> 0 | R48: =IF(AND(G48=L48,H48=N48,L48>-1,G48>-1),3,0) -> 0 | S48: =Q48+R48 -> 0
A49: 27 | B49: 44892 | D49: Croacia | G49: 2 | H49: 0 | I49: Canadá | L49: =OFICIAL!G44 -> 0 | M49: =OFICIAL!G44 -> 0 | N49: =OFICIAL!H44 -> 0 | O49: =OFICIAL!I44 -> Canadá | Q49: =IF(AND(OR(AND(G49-H49>0,L49-N49>0),AND(G49-H49<0,L49-N49<0),AND(G49-H49=0,L49-N49=0)),L49>-1,N49>-1),1,0) -> 0 | R49: =IF(AND(G49=L49,H49=N49,L49>-1,G49>-1),3,0) -> 0 | S49: =Q49+R49 -> 0
A50: 41 | B50: 44896 | D50: Croacia | G50: 1 | H50: 1 | I50: Bélgica | L50: =OFICIAL!G45 -> 0 | M50: =OFICIAL!G45 -> 0 | N50: =OFICIAL!H45 -> 0 | O50: =OFICIAL!I45 -> Bélgica | Q50: =IF(AND(OR(AND(G50-H50>0,L50-N50>0),AND(G50-H50<0,L50-N50<0),AND(G50-H50=0,L50-N50=0)),L50>-1,N50>-1),1,0) -> 1 | R50: =IF(AND(G50=L50,H50=N50,L50>-1,G50>-1),3,0) -> 0 | S50: =Q50+R50 -> 1
A51: 42 | B51: 44896 | D51: Canadá | G51: 2 | H51: 0 | I51: Marruecos | L51: =OFICIAL!G46 -> 0 | M51: =OFICIAL!G46 -> 0 | N51: =OFICIAL!H46 -> 0 | O51: =OFICIAL!I46 -> Marruecos | Q51: =IF(AND(OR(AND(G51-H51>0,L51-N51>0),AND(G51-H51<0,L51-N51<0),AND(G51-H51=0,L51-N51=0)),L51>-1,N51>-1),1,0) -> 0 | R51: =IF(AND(G51=L51,H51=N51,L51>-1,G51>-1),3,0) -> 0 | S51: =Q51+R51 -> 0
A52: Grupo G
A53: 13 | B53: 44889 | D53: Suiza | G53: 1 | H53: 0 | I53: Camerún | L53: =OFICIAL!G48 -> 0 | M53: =OFICIAL!G48 -> 0 | N53: =OFICIAL!H48 -> 0 | O53: =OFICIAL!I48 -> Camerún | Q53: =IF(AND(OR(AND(G53-H53>0,L53-N53>0),AND(G53-H53<0,L53-N53<0),AND(G53-H53=0,L53-N53=0)),L53>-1,N53>-1),1,0) -> 0 | R53: =IF(AND(G53=L53,H53=N53,L53>-1,G53>-1),3,0) -> 0 | S53: =Q53+R53 -> 0
A54: 16 | B54: 44889 | D54: Brasil | G54: 3 | H54: 1 | I54: Serbia | L54: =OFICIAL!G49 -> 0 | M54: =OFICIAL!G49 -> 0 | N54: =OFICIAL!H49 -> 0 | O54: =OFICIAL!I49 -> Serbia | Q54: =IF(AND(OR(AND(G54-H54>0,L54-N54>0),AND(G54-H54<0,L54-N54<0),AND(G54-H54=0,L54-N54=0)),L54>-1,N54>-1),1,0) -> 0 | R54: =IF(AND(G54=L54,H54=N54,L54>-1,G54>-1),3,0) -> 0 | S54: =Q54+R54 -> 0
A55: 29 | B55: 44893 | D55: Camerún | G55: 1 | H55: 2 | I55: Serbia | L55: =OFICIAL!G50 -> 0 | M55: =OFICIAL!G50 -> 0 | N55: =OFICIAL!H50 -> 0 | O55: =OFICIAL!I50 -> Serbia | Q55: =IF(AND(OR(AND(G55-H55>0,L55-N55>0),AND(G55-H55<0,L55-N55<0),AND(G55-H55=0,L55-N55=0)),L55>-1,N55>-1),1,0) -> 0 | R55: =IF(AND(G55=L55,H55=N55,L55>-1,G55>-1),3,0) -> 0 | S55: =Q55+R55 -> 0
A56: 31 | B56: 44893 | D56: Brasil | G56: 2 | H56: 1 | I56: Suiza | L56: =OFICIAL!G51 -> 0 | M56: =OFICIAL!G51 -> 0 | N56: =OFICIAL!H51 -> 0 | O56: =OFICIAL!I51 -> Suiza | Q56: =IF(AND(OR(AND(G56-H56>0,L56-N56>0),AND(G56-H56<0,L56-N56<0),AND(G56-H56=0,L56-N56=0)),L56>-1,N56>-1),1,0) -> 0 | R56: =IF(AND(G56=L56,H56=N56,L56>-1,G56>-1),3,0) -> 0 | S56: =Q56+R56 -> 0
A57: 47 | B57: 44897 | D57: Serbia | G57: 1 | H57: 2 | I57: Suiza | L57: =OFICIAL!G52 -> 0 | M57: =OFICIAL!G52 -> 0 | N57: =OFICIAL!H52 -> 0 | O57: =OFICIAL!I52 -> Suiza | Q57: =IF(AND(OR(AND(G57-H57>0,L57-N57>0),AND(G57-H57<0,L57-N57<0),AND(G57-H57=0,L57-N57=0)),L57>-1,N57>-1),1,0) -> 0 | R57: =IF(AND(G57=L57,H57=N57,L57>-1,G57>-1),3,0) -> 0 | S57: =Q57+R57 -> 0
A58: 48 | B58: 44897 | D58: Camerún | G58: 0 | H58: 2 | I58: Brasil | L58: =OFICIAL!G53 -> 0 | M58: =OFICIAL!G53 -> 0 | N58: =OFICIAL!H53 -> 0 | O58: =OFICIAL!I53 -> Brasil | Q58: =IF(AND(OR(AND(G58-H58>0,L58-N58>0),AND(G58-H58<0,L58-N58<0),AND(G58-H58=0,L58-N58=0)),L58>-1,N58>-1),1,0) -> 0 | R58: =IF(AND(G58=L58,H58=N58,L58>-1,G58>-1),3,0) -> 0 | S58: =Q58+R58 -> 0
A59: Grupo H
A60: 14 | B60: 44889 | D60: Uruguay | G60: 2 | H60: 0 | I60: Corea del Sur | L60: =OFICIAL!G55 -> 0 | M60: =OFICIAL!G55 -> 0 | N60: =OFICIAL!H55 -> 0 | O60: =OFICIAL!I55 -> Corea del Sur | Q60: =IF(AND(OR(AND(G60-H60>0,L60-N60>0),AND(G60-H60<0,L60-N60<0),AND(G60-H60=0,L60-N60=0)),L60>-1,N60>-1),1,0) -> 0 | R60: =IF(AND(G60=L60,H60=N60,L60>-1,G60>-1),3,0) -> 0 | S60: =Q60+R60 -> 0
A61: 15 | B61: 44889 | D61: Portugal | G61: 2 | H61: 0 | I61: Ghana | L61: =OFICIAL!G56 -> 0 | M61: =OFICIAL!G56 -> 0 | N61: =OFICIAL!H56 -> 0 | O61: =OFICIAL!I56 -> Ghana | Q61: =IF(AND(OR(AND(G61-H61>0,L61-N61>0),AND(G61-H61<0,L61-N61<0),AND(G61-H61=0,L61-N61=0)),L61>-1,N61>-1),1,0) -> 0 | R61: =IF(AND(G61=L61,H61=N61,L61>-1,G61>-1),3,0) -> 0 | S61: =Q61+R61 -> 0
A62: 30 | B62: 44893 | D62: Corea delSur | G62: 1 | H62: 2 | I62: Ghana | L62: =OFICIAL!G57 -> 0 | M62: =OFICIAL!G57 -> 0 | N62: =OFICIAL!H57 -> 0 | O62: =OFICIAL!I57 -> Ghana | Q62: =IF(AND(OR(AND(G62-H62>0,L62-N62>0),AND(G62-H62<0,L62-N62<0),AND(G62-H62=0,L62-N62=0)),L62>-1,N62>-1),1,0) -> 0 | R62: =IF(AND(G62=L62,H62=N62,L62>-1,G62>-1),3,0) -> 0 | S62: =Q62+R62 -> 0
A63: 32 | B63: 44893 | D63: Portugal | G63: 0 | H63: 1 | I63: Uruguay | L63: =OFICIAL!G58 -> 0 | M63: =OFICIAL!G58 -> 0 | N63: =OFICIAL!H58 -> 0 | O63: =OFICIAL!I58 -> Uruguay | Q63: =IF(AND(OR(AND(G63-H63>0,L63-N63>0),AND(G63-H63<0,L63-N63<0),AND(G63-H63=0,L63-N63=0)),L63>-1,N63>-1),1,0) -> 0 | R63: =IF(AND(G63=L63,H63=N63,L63>-1,G63>-1),3,0) -> 0 | S63: =Q63+R63 -> 0
A64: 45 | B64: 44897 | D64: Corea delSur | G64: 1 | H64: 3 | I64: Portugal | L64: =OFICIAL!G59 -> 0 | M64: =OFICIAL!G59 -> 0 | N64: =OFICIAL!H59 -> 0 | O64: =OFICIAL!I59 -> Portugal | Q64: =IF(AND(OR(AND(G64-H64>0,L64-N64>0),AND(G64-H64<0,L64-N64<0),AND(G64-H64=0,L64-N64=0)),L64>-1,N64>-1),1,0) -> 0 | R64: =IF(AND(G64=L64,H64=N64,L64>-1,G64>-1),3,0) -> 0 | S64: =Q64+R64 -> 0
A65: 46 | B65: 44897 | D65: Ghana | G65: 0 | H65: 1 | I65: Uruguay | L65: =OFICIAL!G60 -> 0 | M65: =OFICIAL!G60 -> 0 | N65: =OFICIAL!H60 -> 0 | O65: =OFICIAL!I60 -> Uruguay | Q65: =IF(AND(OR(AND(G65-H65>0,L65-N65>0),AND(G65-H65<0,L65-N65<0),AND(G65-H65=0,L65-N65=0)),L65>-1,N65>-1),1,0) -> 0 | R65: =IF(AND(G65=L65,H65=N65,L65>-1,G65>-1),3,0) -> 0 | S65: =Q65+R65 -> 0
B68: TOTAL PUNTOS PRIMERA FASE | Q68: =SUM(S11:S65) -> 5
A70: OTRAS FASES | C70: (Marque con una X, cada fase
C71: que cree que superará cada selección)
A72: Fases | C72: 8F | D72: 4F | E72: SF | F72: F
A73: Equipos a marcar | C73: 16 | D73: 8 | E73: 4 | F73: 2 | S73: Total
A74: Puntos por acierto | C74: 1 | D74: 2 | E74: 5 | F74: 8 | L74: Pts
L75: 8F | M75: 4F | N75: SF | O75: F
A76: 1 | B76: Qatar | L76: =IF(AND(C76=OFICIAL!C70,OFICIAL!C70="X"),1,0) -> 0 | M76: =IF(AND(D76=OFICIAL!D70,OFICIAL!D70="X"),2,0) -> 0 | N76: =IF(AND(E76=OFICIAL!E70,OFICIAL!E70="X"),5,0) -> 0 | O76: =IF(AND(F76=OFICIAL!F70,OFICIAL!F70="X"),8,0) -> 0 | S76: =SUM(L76:O76) -> 0
A77: 2 | B77: Ecuador | C77: X | L77: =IF(AND(C77=OFICIAL!C71,OFICIAL!C71="X"),1,0) -> 0 | M77: =IF(AND(D77=OFICIAL!D71,OFICIAL!D71="X"),2,0) -> 0 | N77: =IF(AND(E77=OFICIAL!E71,OFICIAL!E71="X"),5,0) -> 0 | O77: =IF(AND(F77=OFICIAL!F71,OFICIAL!F71="X"),8,0) -> 0 | S77: =SUM(L77:O77) -> 0
A78: 3 | B78: Senegal | L78: =IF(AND(C78=OFICIAL!C72,OFICIAL!C72="X"),1,0) -> 0 | M78: =IF(AND(D78=OFICIAL!D72,OFICIAL!D72="X"),2,0) -> 0 | N78: =IF(AND(E78=OFICIAL!E72,OFICIAL!E72="X"),5,0) -> 0 | O78: =IF(AND(F78=OFICIAL!F72,OFICIAL!F72="X"),8,0) -> 0 | S78: =SUM(L78:O78) -> 0
A79: 4 | B79: Países Bajos | C79: X | D79: X | L79: =IF(AND(C79=OFICIAL!C73,OFICIAL!C73="X"),1,0) -> 0 | M79: =IF(AND(D79=OFICIAL!D73,OFICIAL!D73="X"),2,0) -> 0 | N79: =IF(AND(E79=OFICIAL!E73,OFICIAL!E73="X"),5,0) -> 0 | O79: =IF(AND(F79=OFICIAL!F73,OFICIAL!F73="X"),8,0) -> 0 | S79: =SUM(L79:O79) -> 0
A80: 5 | B80: Inglaterra | C80: X | D80: X | L80: =IF(AND(C80=OFICIAL!C74,OFICIAL!C74="X"),1,0) -> 0 | M80: =IF(AND(D80=OFICIAL!D74,OFICIAL!D74="X"),2,0) -> 0 | N80: =IF(AND(E80=OFICIAL!E74,OFICIAL!E74="X"),5,0) -> 0 | O80: =IF(AND(F80=OFICIAL!F74,OFICIAL!F74="X"),8,0) -> 0 | S80: =SUM(L80:O80) -> 0
A81: 6 | B81: Irán | L81: =IF(AND(C81=OFICIAL!C75,OFICIAL!C75="X"),1,0) -> 0 | M81: =IF(AND(D81=OFICIAL!D75,OFICIAL!D75="X"),2,0) -> 0 | N81: =IF(AND(E81=OFICIAL!E75,OFICIAL!E75="X"),5,0) -> 0 | O81: =IF(AND(F81=OFICIAL!F75,OFICIAL!F75="X"),8,0) -> 0 | S81: =SUM(L81:O81) -> 0
A82: 7 | B82: USA | L82: =IF(AND(C82=OFICIAL!C76,OFICIAL!C76="X"),1,0) -> 0 | M82: =IF(AND(D82=OFICIAL!D76,OFICIAL!D76="X"),2,0) -> 0 | N82: =IF(AND(E82=OFICIAL!E76,OFICIAL!E76="X"),5,0) -> 0 | O82: =IF(AND(F82=OFICIAL!F76,OFICIAL!F76="X"),8,0) -> 0 | S82: =SUM(L82:O82) -> 0
A83: 8 | B83: Gales | C83: X | L83: =IF(AND(C83=OFICIAL!C77,OFICIAL!C77="X"),1,0) -> 0 | M83: =IF(AND(D83=OFICIAL!D77,OFICIAL!D77="X"),2,0) -> 0 | N83: =IF(AND(E83=OFICIAL!E77,OFICIAL!E77="X"),5,0) -> 0 | O83: =IF(AND(F83=OFICIAL!F77,OFICIAL!F77="X"),8,0) -> 0 | S83: =SUM(L83:O83) -> 0
A84: 9 | B84: Argentina | C84: X | D84: X | E84: X | F84: X | L84: =IF(AND(C84=OFICIAL!C78,OFICIAL!C78="X"),1,0) -> 0 | M84: =IF(AND(D84=OFICIAL!D78,OFICIAL!D78="X"),2,0) -> 0 | N84: =IF(AND(E84=OFICIAL!E78,OFICIAL!E78="X"),5,0) -> 0 | O84: =IF(AND(F84=OFICIAL!F78,OFICIAL!F78="X"),8,0) -> 0 | S84: =SUM(L84:O84) -> 0
A85: 10 | B85: Arabia Saudí | L85: =IF(AND(C85=OFICIAL!C79,OFICIAL!C79="X"),1,0) -> 0 | M85: =IF(AND(D85=OFICIAL!D79,OFICIAL!D79="X"),2,0) -> 0 | N85: =IF(AND(E85=OFICIAL!E79,OFICIAL!E79="X"),5,0) -> 0 | O85: =IF(AND(F85=OFICIAL!F79,OFICIAL!F79="X"),8,0) -> 0 | S85: =SUM(L85:O85) -> 0
A86: 11 | B86: México | L86: =IF(AND(C86=OFICIAL!C80,OFICIAL!C80="X"),1,0) -> 0 | M86: =IF(AND(D86=OFICIAL!D80,OFICIAL!D80="X"),2,0) -> 0 | N86: =IF(AND(E86=OFICIAL!E80,OFICIAL!E80="X"),5,0) -> 0 | O86: =IF(AND(F86=OFICIAL!F80,OFICIAL!F80="X"),8,0) -> 0 | S86: =SUM(L86:O86) -> 0
A87: 12 | B87: Polonia | C87: X | L87: =IF(AND(C87=OFICIAL!C81,OFICIAL!C81="X"),1,0) -> 0 | M87: =IF(AND(D87=OFICIAL!D81,OFICIAL!D81="X"),2,0) -> 0 | N87: =IF(AND(E87=OFICIAL!E81,OFICIAL!E81="X"),5,0) -> 0 | O87: =IF(AND(F87=OFICIAL!F81,OFICIAL!F81="X"),8,0) -> 0 | S87: =SUM(L87:O87) -> 0
A88: 13 | B88: Francia | C88: X | D88: X | E88: X | L88: =IF(AND(C88=OFICIAL!C82,OFICIAL!C82="X"),1,0) -> 0 | M88: =IF(AND(D88=OFICIAL!D82,OFICIAL!D82="X"),2,0) -> 0 | N88: =IF(AND(E88=OFICIAL!E82,OFICIAL!E82="X"),5,0) -> 0 | O88: =IF(AND(F88=OFICIAL!F82,OFICIAL!F82="X"),8,0) -> 0 | S88: =SUM(L88:O88) -> 0
A89: 14 | B89: Australia | L89: =IF(AND(C89=OFICIAL!C83,OFICIAL!C83="X"),1,0) -> 0 | M89: =IF(AND(D89=OFICIAL!D83,OFICIAL!D83="X"),2,0) -> 0 | N89: =IF(AND(E89=OFICIAL!E83,OFICIAL!E83="X"),5,0) -> 0 | O89: =IF(AND(F89=OFICIAL!F83,OFICIAL!F83="X"),8,0) -> 0 | S89: =SUM(L89:O89) -> 0
A90: 15 | B90: Dinamarca | C90: X | L90: =IF(AND(C90=OFICIAL!C84,OFICIAL!C84="X"),1,0) -> 0 | M90: =IF(AND(D90=OFICIAL!D84,OFICIAL!D84="X"),2,0) -> 0 | N90: =IF(AND(E90=OFICIAL!E84,OFICIAL!E84="X"),5,0) -> 0 | O90: =IF(AND(F90=OFICIAL!F84,OFICIAL!F84="X"),8,0) -> 0 | S90: =SUM(L90:O90) -> 0
A91: 16 | B91: Túnez | L91: =IF(AND(C91=OFICIAL!C85,OFICIAL!C85="X"),1,0) -> 0 | M91: =IF(AND(D91=OFICIAL!D85,OFICIAL!D85="X"),2,0) -> 0 | N91: =IF(AND(E91=OFICIAL!E85,OFICIAL!E85="X"),5,0) -> 0 | O91: =IF(AND(F91=OFICIAL!F85,OFICIAL!F85="X"),8,0) -> 0 | S91: =SUM(L91:O91) -> 0
A92: 17 | B92: España | C92: X | D92: X | E92: X | F92: X | L92: =IF(AND(C92=OFICIAL!C86,OFICIAL!C86="X"),1,0) -> 0 | M92: =IF(AND(D92=OFICIAL!D86,OFICIAL!D86="X"),2,0) -> 0 | N92: =IF(AND(E92=OFICIAL!E86,OFICIAL!E86="X"),5,0) -> 0 | O92: =IF(AND(F92=OFICIAL!F86,OFICIAL!F86="X"),8,0) -> 0 | S92: =SUM(L92:O92) -> 0
A93: 18 | B93: Costa Rica | L93: =IF(AND(C93=OFICIAL!C87,OFICIAL!C87="X"),1,0) -> 0 | M93: =IF(AND(D93=OFICIAL!D87,OFICIAL!D87="X"),2,0) -> 0 | N93: =IF(AND(E93=OFICIAL!E87,OFICIAL!E87="X"),5,0) -> 0 | O93: =IF(AND(F93=OFICIAL!F87,OFICIAL!F87="X"),8,0) -> 0 | S93: =SUM(L93:O93) -> 0
A94: 19 | B94: Alemania | C94: X | D94: X | E94: X | L94: =IF(AND(C94=OFICIAL!C88,OFICIAL!C88="X"),1,0) -> 0 | M94: =IF(AND(D94=OFICIAL!D88,OFICIAL!D88="X"),2,0) -> 0 | N94: =IF(AND(E94=OFICIAL!E88,OFICIAL!E88="X"),5,0) -> 0 | O94: =IF(AND(F94=OFICIAL!F88,OFICIAL!F88="X"),8,0) -> 0 | S94: =SUM(L94:O94) -> 0
A95: 20 | B95: Japón | L95: =IF(AND(C95=OFICIAL!C89,OFICIAL!C89="X"),1,0) -> 0 | M95: =IF(AND(D95=OFICIAL!D89,OFICIAL!D89="X"),2,0) -> 0 | N95: =IF(AND(E95=OFICIAL!E89,OFICIAL!E89="X"),5,0) -> 0 | O95: =IF(AND(F95=OFICIAL!F89,OFICIAL!F89="X"),8,0) -> 0 | S95: =SUM(L95:O95) -> 0
A96: 21 | B96: Bélgica | C96: X | L96: =IF(AND(C96=OFICIAL!C90,OFICIAL!C90="X"),1,0) -> 0 | M96: =IF(AND(D96=OFICIAL!D90,OFICIAL!D90="X"),2,0) -> 0 | N96: =IF(AND(E96=OFICIAL!E90,OFICIAL!E90="X"),5,0) -> 0 | O96: =IF(AND(F96=OFICIAL!F90,OFICIAL!F90="X"),8,0) -> 0 | S96: =SUM(L96:O96) -> 0
A97: 22 | B97: Canadá | L97: =IF(AND(C97=OFICIAL!C91,OFICIAL!C91="X"),1,0) -> 0 | M97: =IF(AND(D97=OFICIAL!D91,OFICIAL!D91="X"),2,0) -> 0 | N97: =IF(AND(E97=OFICIAL!E91,OFICIAL!E91="X"),5,0) -> 0 | O97: =IF(AND(F97=OFICIAL!F91,OFICIAL!F91="X"),8,0) -> 0 | S97: =SUM(L97:O97) -> 0
A98: 23 | B98: Marruecos | L98: =IF(AND(C98=OFICIAL!C92,OFICIAL!C92="X"),1,0) -> 0 | M98: =IF(AND(D98=OFICIAL!D92,OFICIAL!D92="X"),2,0) -> 0 | N98: =IF(AND(E98=OFICIAL!E92,OFICIAL!E92="X"),5,0) -> 0 | O98: =IF(AND(F98=OFICIAL!F92,OFICIAL!F92="X"),8,0) -> 0 | S98: =SUM(L98:O98) -> 0
A99: 24 | B99: Croacia | C99: X | L99: =IF(AND(C99=OFICIAL!C93,OFICIAL!C93="X"),1,0) -> 0 | M99: =IF(AND(D99=OFICIAL!D93,OFICIAL!D93="X"),2,0) -> 0 | N99: =IF(AND(E99=OFICIAL!E93,OFICIAL!E93="X"),5,0) -> 0 | O99: =IF(AND(F99=OFICIAL!F93,OFICIAL!F93="X"),8,0) -> 0 | S99: =SUM(L99:O99) -> 0
A100: 25 | B100: Brasil | C100: X | D100: X | L100: =IF(AND(C100=OFICIAL!C94,OFICIAL!C94="X"),1,0) -> 0 | M100: =IF(AND(D100=OFICIAL!D94,OFICIAL!D94="X"),2,0) -> 0 | N100: =IF(AND(E100=OFICIAL!E94,OFICIAL!E94="X"),5,0) -> 0 | O100: =IF(AND(F100=OFICIAL!F94,OFICIAL!F94="X"),8,0) -> 0 | S100: =SUM(L100:O100) -> 0
A101: 26 | B101: Serbia | L101: =IF(AND(C101=OFICIAL!C95,OFICIAL!C95="X"),1,0) -> 0 | M101: =IF(AND(D101=OFICIAL!D95,OFICIAL!D95="X"),2,0) -> 0 | N101: =IF(AND(E101=OFICIAL!E95,OFICIAL!E95="X"),5,0) -> 0 | O101: =IF(AND(F101=OFICIAL!F95,OFICIAL!F95="X"),8,0) -> 0 | S101: =SUM(L101:O101) -> 0
A102: 27 | B102: Suiza | C102: X | L102: =IF(AND(C102=OFICIAL!C96,OFICIAL!C96="X"),1,0) -> 0 | M102: =IF(AND(D102=OFICIAL!D96,OFICIAL!D96="X"),2,0) -> 0 | N102: =IF(AND(E102=OFICIAL!E96,OFICIAL!E96="X"),5,0) -> 0 | O102: =IF(AND(F102=OFICIAL!F96,OFICIAL!F96="X"),8,0) -> 0 | S102: =SUM(L102:O102) -> 0
A103: 28 | B103: Camerún | L103: =IF(AND(C103=OFICIAL!C97,OFICIAL!C97="X"),1,0) -> 0 | M103: =IF(AND(D103=OFICIAL!D97,OFICIAL!D97="X"),2,0) -> 0 | N103: =IF(AND(E103=OFICIAL!E97,OFICIAL!E97="X"),5,0) -> 0 | O103: =IF(AND(F103=OFICIAL!F97,OFICIAL!F97="X"),8,0) -> 0 | S103: =SUM(L103:O103) -> 0
A104: 29 | B104: Portugal | C104: X | L104: =IF(AND(C104=OFICIAL!C98,OFICIAL!C98="X"),1,0) -> 0 | M104: =IF(AND(D104=OFICIAL!D98,OFICIAL!D98="X"),2,0) -> 0 | N104: =IF(AND(E104=OFICIAL!E98,OFICIAL!E98="X"),5,0) -> 0 | O104: =IF(AND(F104=OFICIAL!F98,OFICIAL!F98="X"),8,0) -> 0 | S104: =SUM(L104:O104) -> 0
A105: 30 | B105: Ghana | L105: =IF(AND(C105=OFICIAL!C99,OFICIAL!C99="X"),1,0) -> 0 | M105: =IF(AND(D105=OFICIAL!D99,OFICIAL!D99="X"),2,0) -> 0 | N105: =IF(AND(E105=OFICIAL!E99,OFICIAL!E99="X"),5,0) -> 0 | O105: =IF(AND(F105=OFICIAL!F99,OFICIAL!F99="X"),8,0) -> 0 | S105: =SUM(L105:O105) -> 0
...

Sheet AJD
B1: MUNDIAL DE FÚTBOL QATAR 2022 | O1: Premios | Q1: 1 Puesto | S1: 0.7
B2: Escribir solo en las cajas | E2: VERDES | L2: 5 | M2: E | Q2: 2 Puesto | S2: 0.2
B3: No toque ni re formatee nada | Q3: 3 Puesto | S3: 0.1
B5: PARTICIPANTE: | C5: ANTONIO BARRIAS | L5: Resultado: 1 Pt | Q5: No tocar Columnas
L6: Exacto: 4 Pts | Q6: Naranjas
A8: Partido | B8: Fecha | G8: Resultado | L8: Resultado | Q8: Pts
G9: Suyo | L9: Real | Q9: Resu | R9: Exac | S9: Total
A10: Grupo A
A11: 1 | B11: 44885 | D11: Qatar | G11: 0 | H11: 2 | I11: Ecuador | L11: =OFICIAL!G6 -> 0 | M11: =OFICIAL!G6 -> 0 | N11: =OFICIAL!H6 -> 2 | O11: =OFICIAL!I6 -> Ecuador | Q11: =IF(AND(OR(AND(G11-H11>0,L11-N11>0),AND(G11-H11<0,L11-N11<0),AND(G11-H11=0,L11-N11=0)),L11>-1,N11>-1),1,0) -> 1 | R11: =IF(AND(G11=L11,H11=N11,L11>-1,G11>-1),3,0) -> 3 | S11: =Q11+R11 -> 4
A12: 3 | B12: 44886 | D12: Senegal | G12: 1 | H12: 1 | I12: Países Bajos | L12: =OFICIAL!G7 -> 0 | M12: =OFICIAL!G7 -> 0 | N12: =OFICIAL!H7 -> 0 | O12: =OFICIAL!I7 -> Países Bajos | Q12: =IF(AND(OR(AND(G12-H12>0,L12-N12>0),AND(G12-H12<0,L12-N12<0),AND(G12-H12=0,L12-N12=0)),L12>-1,N12>-1),1,0) -> 1 | R12: =IF(AND(G12=L12,H12=N12,L12>-1,G12>-1),3,0) -> 0 | S12: =Q12+R12 -> 1
A13: 18 | B13: 44890 | D13: Qatar | G13: 0 | H13: 2 | I13: Senegal | L13: =OFICIAL!G8 -> 0 | M13: =OFICIAL!G8 -> 0 | N13: =OFICIAL!H8 -> 0 | O13: =OFICIAL!I8 -> Senegal | Q13: =IF(AND(OR(AND(G13-H13>0,L13-N13>0),AND(G13-H13<0,L13-N13<0),AND(G13-H13=0,L13-N13=0)),L13>-1,N13>-1),1,0) -> 0 | R13: =IF(AND(G13=L13,H13=N13,L13>-1,G13>-1),3,0) -> 0 | S13: =Q13+R13 -> 0
A14: 19 | B14: 44890 | D14: Países Bajos | G14: 2 | H14: 1 | I14: Ecuador | L14: =OFICIAL!G9 -> 0 | M14: =OFICIAL!G9 -> 0 | N14: =OFICIAL!H9 -> 0 | O14: =OFICIAL!I9 -> Ecuador | Q14: =IF(AND(OR(AND(G14-H14>0,L14-N14>0),AND(G14-H14<0,L14-N14<0),AND(G14-H14=0,L14-N14=0)),L14>-1,N14>-1),1,0) -> 0 | R14: =IF(AND(G14=L14,H14=N14,L14>-1,G14>-1),3,0) -> 0 | S14: =Q14+R14 -> 0
A15: 33 | B15: 44894 | D15: Países Bajos | G15: 3 | H15: 0 | I15: Qatar | L15: =OFICIAL!G10 -> 0 | M15: =OFICIAL!G10 -> 0 | N15: =OFICIAL!H10 -> 0 | O15: =OFICIAL!I10 -> Qatar | Q15: =IF(AND(OR(AND(G15-H15>0,L15-N15>0),AND(G15-H15<0,L15-N15<0),AND(G15-H15=0,L15-N15=0)),L15>-1,N15>-1),1,0) -> 0 | R15: =IF(AND(G15=L15,H15=N15,L15>-1,G15>-1),3,0) -> 0 | S15: =Q15+R15 -> 0
A16: 34 | B16: 44894 | D16: Ecuador | G16: 1 | H16: 1 | I16: Senegal | L16: =OFICIAL!G11 -> 0 | M16: =OFICIAL!G11 -> 0 | N16: =OFICIAL!H11 -> 0 | O16: =OFICIAL!I11 -> Senegal | Q16: =IF(AND(OR(AND(G16-H16>0,L16-N16>0),AND(G16-H16<0,L16-N16<0),AND(G16-H16=0,L16-N16=0)),L16>-1,N16>-1),1,0) -> 1 | R16: =IF(AND(G16=L16,H16=N16,L16>-1,G16>-1),3,0) -> 0 | S16: =Q16+R16 -> 1
A17: Grupo B
A18: 2 | B18: 44886 | D18: Inglaterra | G18: 2 | H18: 0 | I18: Irán | L18: =OFICIAL!G13 -> 0 | M18: =OFICIAL!G13 -> 0 | N18: =OFICIAL!H13 -> 0 | O18: =OFICIAL!I13 -> Irán | Q18: =IF(AND(OR(AND(G18-H18>0,L18-N18>0),AND(G18-H18<0,L18-N18<0),AND(G18-H18=0,L18-N18=0)),L18>-1,N18>-1),1,0) -> 0 | R18: =IF(AND(G18=L18,H18=N18,L18>-1,G18>-1),3,0) -> 0 | S18: =Q18+R18 -> 0
A19: 4 | B19: 44886 | D19: USA | G19: 1 | H19: 1 | I19: Gales | L19: =OFICIAL!G14 -> 0 | M19: =OFICIAL!G14 -> 0 | N19: =OFICIAL!H14 -> 0 | O19: =OFICIAL!I14 -> Gales | Q19: =IF(AND(OR(AND(G19-H19>0,L19-N19>0),AND(G19-H19<0,L19-N19<0),AND(G19-H19=0,L19-N19=0)),L19>-1,N19>-1),1,0) -> 1 | R19: =IF(AND(G19=L19,H19=N19,L19>-1,G19>-1),3,0) -> 0 | S19: =Q19+R19 -> 1
A20: 17 | B20: 44890 | D20: Gales | G20: 1 | H20: 0 | I20: Irán | L20: =OFICIAL!G15 -> 0 | M20: =OFICIAL!G15 -> 0 | N20: =OFICIAL!H15 -> 0 | O20: =OFICIAL!I15 -> Irán | Q20: =IF(AND(OR(AND(G20-H20>0,L20-N20>0),AND(G20-H20<0,L20-N20<0),AND(G20-H20=0,L20-N20=0)),L20>-1,N20>-1),1,0) -> 0 | R20: =IF(AND(G20=L20,H20=N20,L20>-1,G20>-1),3,0) -> 0 | S20: =Q20+R20 -> 0
A21: 20 | B21: 44890 | D21: Inglaterra | G21: 3 | H21: 2 | I21: USA | L21: =OFICIAL!G16 -> 0 | M21: =OFICIAL!G16 -> 0 | N21: =OFICIAL!H16 -> 0 | O21: =OFICIAL!I16 -> USA | Q21: =IF(AND(OR(AND(G21-H21>0,L21-N21>0),AND(G21-H21<0,L21-N21<0),AND(G21-H21=0,L21-N21=0)),L21>-1,N21>-1),1,0) -> 0 | R21: =IF(AND(G21=L21,H21=N21,L21>-1,G21>-1),3,0) -> 0 | S21: =Q21+R21 -> 0
A22: 35 | B22: 44894 | D22: Gales | G22: 1 | H22: 2 | I22: Inglaterra | L22: =OFICIAL!G17 -> 0 | M22: =OFICIAL!G17 -> 0 | N22: =OFICIAL!H17 -> 0 | O22: =OFICIAL!I17 -> Inglaterra | Q22: =IF(AND(OR(AND(G22-H22>0,L22-N22>0),AND(G22-H22<0,L22-N22<0),AND(G22-H22=0,L22-N22=0)),L22>-1,N22>-1),1,0) -> 0 | R22: =IF(AND(G22=L22,H22=N22,L22>-1,G22>-1),3,0) -> 0 | S22: =Q22+R22 -> 0
A23: 36 | B23: 44894 | D23: Irán | G23: 1 | H23: 3 | I23: USA | L23: =OFICIAL!G18 -> 0 | M23: =OFICIAL!G18 -> 0 | N23: =OFICIAL!H18 -> 0 | O23: =OFICIAL!I18 -> USA | Q23: =IF(AND(OR(AND(G23-H23>0,L23-N23>0),AND(G23-H23<0,L23-N23<0),AND(G23-H23=0,L23-N23=0)),L23>-1,N23>-1),1,0) -> 0 | R23: =IF(AND(G23=L23,H23=N23,L23>-1,G23>-1),3,0) -> 0 | S23: =Q23+R23 -> 0
A24: Grupo C
A25: 5 | B25: 44887 | D25: Argentina | G25: 3 | H25: 0 | I25: Arabia Saudí | L25: =OFICIAL!G20 -> 0 | M25: =OFICIAL!G20 -> 0 | N25: =OFICIAL!H20 -> 0 | O25: =OFICIAL!I20 -> Arabia Saudí | Q25: =IF(AND(OR(AND(G25-H25>0,L25-N25>0),AND(G25-H25<0,L25-N25<0),AND(G25-H25=0,L25-N25=0)),L25>-1,N25>-1),1,0) -> 0 | R25: =IF(AND(G25=L25,H25=N25,L25>-1,G25>-1),3,0) -> 0 | S25: =Q25+R25 -> 0
A26: 7 | B26: 44887 | D26: México | G26: 1 | H26: 1 | I26: Polonia | L26: =OFICIAL!G21 -> 0 | M26: =OFICIAL!G21 -> 0 | N26: =OFICIAL!H21 -> 0 | O26: =OFICIAL!I21 -> Polonia | Q26: =IF(AND(OR(AND(G26-H26>0,L26-N26>0),AND(G26-H26<0,L26-N26<0),AND(G26-H26=0,L26-N26=0)),L26>-1,N26>-1),1,0) -> 1 | R26: =IF(AND(G26=L26,H26=N26,L26>-1,G26>-1),3,0) -> 0 | S26: =Q26+R26 -> 1
A27: 22 | B27: 44891 | D27: Polonia | G27: 3 | H27: 1 | I27: Arabia Saudí | L27: =OFICIAL!G22 -> 0 | M27: =OFICIAL!G22 -> 0 | N27: =OFICIAL!H22 -> 0 | O27: =OFICIAL!I22 -> Arabia Saudí | Q27: =IF(AND(OR(AND(G27-H27>0,L27-N27>0),AND(G27-H27<0,L27-N27<0),AND(G27-H27=0,L27-N27=0)),L27>-1,N27>-1),1,0) -> 0 | R27: =IF(AND(G27=L27,H27=N27,L27>-1,G27>-1),3,0) -> 0 | S27: =Q27+R27 -> 0
A28: 24 | B28: 44891 | D28: Argentina | G28: 3 | H28: 1 | I28: México | L28: =OFICIAL!G23 -> 0 | M28: =OFICIAL!G23 -> 0 | N28: =OFICIAL!H23 -> 0 | O28: =OFICIAL!I23 -> México | Q28: =IF(AND(OR(AND(G28-H28>0,L28-N28>0),AND(G28-H28<0,L28-N28<0),AND(G28-H28=0,L28-N28=0)),L28>-1,N28>-1),1,0) -> 0 | R28: =IF(AND(G28=L28,H28=N28,L28>-1,G28>-1),3,0) -> 0 | S28: =Q28+R28 -> 0
A29: 39 | B29: 44895 | D29: Arabia Saudí | G29: 1 | H29: 3 | I29: México | L29: =OFICIAL!G24 -> 0 | M29: =OFICIAL!G24 -> 0 | N29: =OFICIAL!H24 -> 0 | O29: =OFICIAL!I24 -> México | Q29: =IF(AND(OR(AND(G29-H29>0,L29-N29>0),AND(G29-H29<0,L29-N29<0),AND(G29-H29=0,L29-N29=0)),L29>-1,N29>-1),1,0) -> 0 | R29: =IF(AND(G29=L29,H29=N29,L29>-1,G29>-1),3,0) -> 0 | S29: =Q29+R29 -> 0
A30: 40 | B30: 44895 | D30: Polonia | G30: 1 | H30: 2 | I30: Argentina | L30: =OFICIAL!G25 -> 0 | M30: =OFICIAL!G25 -> 0 | N30: =OFICIAL!H25 -> 0 | O30: =OFICIAL!I25 -> Argentina | Q30: =IF(AND(OR(AND(G30-H30>0,L30-N30>0),AND(G30-H30<0,L30-N30<0),AND(G30-H30=0,L30-N30=0)),L30>-1,N30>-1),1,0) -> 0 | R30: =IF(AND(G30=L30,H30=N30,L30>-1,G30>-1),3,0) -> 0 | S30: =Q30+R30 -> 0
A31: Grupo D
A32: 6 | B32: 44887 | D32: Dinamarca | G32: 2 | H32: 0 | I32: Túnez | L32: =OFICIAL!G27 -> 0 | M32: =OFICIAL!G27 -> 0 | N32: =OFICIAL!H27 -> 0 | O32: =OFICIAL!I27 -> Túnez | Q32: =IF(AND(OR(AND(G32-H32>0,L32-N32>0),AND(G32-H32<0,L32-N32<0),AND(G32-H32=0,L32-N32=0)),L32>-1,N32>-1),1,0) -> 0 | R32: =IF(AND(G32=L32,H32=N32,L32>-1,G32>-1),3,0) -> 0 | S32: =Q32+R32 -> 0
A33: 8 | B33: 44887 | D33: Francia | G33: 3 | H33: 0 | I33: Australia | L33: =OFICIAL!G28 -> 0 | M33: =OFICIAL!G28 -> 0 | N33: =OFICIAL!H28 -> 0 | O33: =OFICIAL!I28 -> Australia | Q33: =IF(AND(OR(AND(G33-H33>0,L33-N33>0),AND(G33-H33<0,L33-N33<0),AND(G33-H33=0,L33-N33=0)),L33>-1,N33>-1),1,0) -> 0 | R33: =IF(AND(G33=L33,H33=N33,L33>-1,G33>-1),3,0) -> 0 | S33: =Q33+R33 -> 0
A34: 21 | B34: 44891 | D34: Túnez | G34: 1 | H34: 1 | I34: Australia | L34: =OFICIAL!G29 -> 0 | M34: =OFICIAL!G29 -> 0 | N34: =OFICIAL!H29 -> 0 | O34: =OFICIAL!I29 -> Australia | Q34: =IF(AND(OR(AND(G34-H34>0,L34-N34>0),AND(G34-H34<0,L34-N34<0),AND(G34-H34=0,L34-N34=0)),L34>-1,N34>-1),1,0) -> 1 | R34: =IF(AND(G34=L34,H34=N34,L34>-1,G34>-1),3,0) -> 0 | S34: =Q34+R34 -> 1
A35: 23 | B35: 44891 | D35: Francia | G35: 1 | H35: 1 | I35: Dinamarca | L35: =OFICIAL!G30 -> 0 | M35: =OFICIAL!G30 -> 0 | N35: =OFICIAL!H30 -> 0 | O35: =OFICIAL!I30 -> Dinamarca | Q35: =IF(AND(OR(AND(G35-H35>0,L35-N35>0),AND(G35-H35<0,L35-N35<0),AND(G35-H35=0,L35-N35=0)),L35>-1,N35>-1),1,0) -> 1 | R35: =IF(AND(G35=L35,H35=N35,L35>-1,G35>-1),3,0) -> 0 | S35: =Q35+R35 -> 1
A36: 37 | B36: 44895 | D36: Túnez | G36: 0 | H36: 2 | I36: Francia | L36: =OFICIAL!G31 -> 0 | M36: =OFICIAL!G31 -> 0 | N36: =OFICIAL!H31 -> 0 | O36: =OFICIAL!I31 -> Francia | Q36: =IF(AND(OR(AND(G36-H36>0,L36-N36>0),AND(G36-H36<0,L36-N36<0),AND(G36-H36=0,L36-N36=0)),L36>-1,N36>-1),1,0) -> 0 | R36: =IF(AND(G36=L36,H36=N36,L36>-1,G36>-1),3,0) -> 0 | S36: =Q36+R36 -> 0
A37: 38 | B37: 44895 | D37: Australia | G37: 1 | H37: 2 | I37: Dinamarca | L37: =OFICIAL!G32 -> 0 | M37: =OFICIAL!G32 -> 0 | N37: =OFICIAL!H32 -> 0 | O37: =OFICIAL!I32 -> Dinamarca | Q37: =IF(AND(OR(AND(G37-H37>0,L37-N37>0),AND(G37-H37<0,L37-N37<0),AND(G37-H37=0,L37-N37=0)),L37>-1,N37>-1),1,0) -> 0 | R37: =IF(AND(G37=L37,H37=N37,L37>-1,G37>-1),3,0) -> 0 | S37: =Q37+R37 -> 0
A38: Grupo E
A39: 10 | B39: 44888 | D39: Alemania | G39: 3 | H39: 1 | I39: Japón | L39: =OFICIAL!G34 -> 0 | M39: =OFICIAL!G34 -> 0 | N39: =OFICIAL!H34 -> 0 | O39: =OFICIAL!I34 -> Japón | Q39: =IF(AND(OR(AND(G39-H39>0,L39-N39>0),AND(G39-H39<0,L39-N39<0),AND(G39-H39=0,L39-N39=0)),L39>-1,N39>-1),1,0) -> 0 | R39: =IF(AND(G39=L39,H39=N39,L39>-1,G39>-1),3,0) -> 0 | S39: =Q39+R39 -> 0
A40: 11 | B40: 44888 | D40: España | G40: 2 | H40: 0 | I40: Costa Rica | L40: =OFICIAL!G35 -> 0 | M40: =OFICIAL!G35 -> 0 | N40: =OFICIAL!H35 -> 0 | O40: =OFICIAL!I35 -> Costa Rica | Q40: =IF(AND(OR(AND(G40-H40>0,L40-N40>0),AND(G40-H40<0,L40-N40<0),AND(G40-H40=0,L40-N40=0)),L40>-1,N40>-1),1,0) -> 0 | R40: =IF(AND(G40=L40,H40=N40,L40>-1,G40>-1),3,0) -> 0 | S40: =Q40+R40 -> 0
A41: 25 | B41: 44892 | D41: Japón | G41: 2 | H41: 1 | I41: Costa Rica | L41: =OFICIAL!G36 -> 0 | M41: =OFICIAL!G36 -> 0 | N41: =OFICIAL!H36 -> 0 | O41: =OFICIAL!I36 -> Costa Rica | Q41: =IF(AND(OR(AND(G41-H41>0,L41-N41>0),AND(G41-H41<0,L41-N41<0),AND(G41-H41=0,L41-N41=0)),L41>-1,N41>-1),1,0) -> 0 | R41: =IF(AND(G41=L41,H41=N41,L41>-1,G41>-1),3,0) -> 0 | S41: =Q41+R41 -> 0
A42: 28 | B42: 44892 | D42: España | G42: 1 | H42: 1 | I42: Alemania | L42: =OFICIAL!G37 -> 0 | M42: =OFICIAL!G37 -> 0 | N42: =OFICIAL!H37 -> 0 | O42: =OFICIAL!I37 -> Alemania | Q42: =IF(AND(OR(AND(G42-H42>0,L42-N42>0),AND(G42-H42<0,L42-N42<0),AND(G42-H42=0,L42-N42=0)),L42>-1,N42>-1),1,0) -> 1 | R42: =IF(AND(G42=L42,H42=N42,L42>-1,G42>-1),3,0) -> 0 | S42: =Q42+R42 -> 1
A43: 43 | B43: 44896 | D43: Japón | G43: 1 | H43: 3 | I43: España | L43: =OFICIAL!G38 -> 0 | M43: =OFICIAL!G38 -> 0 | N43: =OFICIAL!H38 -> 0 | O43: =OFICIAL!I38 -> España | Q43: =IF(AND(OR(AND(G43-H43>0,L43-N43>0),AND(G43-H43<0,L43-N43<0),AND(G43-H43=0,L43-N43=0)),L43>-1,N43>-1),1,0) -> 0 | R43: =IF(AND(G43=L43,H43=N43,L43>-1,G43>-1),3,0) -> 0 | S43: =Q43+R43 -> 0
A44: 44 | B44: 44896 | D44: Costa Rica | G44: 1 | H44: 2 | I44: Alemania | L44: =OFICIAL!G39 -> 0 | M44: =OFICIAL!G39 -> 0 | N44: =OFICIAL!H39 -> 0 | O44: =OFICIAL!I39 -> Alemania | Q44: =IF(AND(OR(AND(G44-H44>0,L44-N44>0),AND(G44-H44<0,L44-N44<0),AND(G44-H44=0,L44-N44=0)),L44>-1,N44>-1),1,0) -> 0 | R44: =IF(AND(G44=L44,H44=N44,L44>-1,G44>-1),3,0) -> 0 | S44: =Q44+R44 -> 0
A45: Grupo F
A46: 9 | B46: 44888 | D46: Marruecos | G46: 1 | H46: 2 | I46: Croacia | L46: =OFICIAL!G41 -> 0 | M46: =OFICIAL!G41 -> 0 | N46: =OFICIAL!H41 -> 0 | O46: =OFICIAL!I41 -> Croacia | Q46: =IF(AND(OR(AND(G46-H46>0,L46-N46>0),AND(G46-H46<0,L46-N46<0),AND(G46-H46=0,L46-N46=0)),L46>-1,N46>-1),1,0) -> 0 | R46: =IF(AND(G46=L46,H46=N46,L46>-1,G46>-1),3,0) -> 0 | S46: =Q46+R46 -> 0
A47: 12 | B47: 44888 | D47: Bélgica | G47: 2 | H47: 1 | I47: Canadá | L47: =OFICIAL!G42 -> 0 | M47: =OFICIAL!G42 -> 0 | N47: =OFICIAL!H42 -> 0 | O47: =OFICIAL!I42 -> Canadá | Q47: =IF(AND(OR(AND(G47-H47>0,L47-N47>0),AND(G47-H47<0,L47-N47<0),AND(G47-H47=0,L47-N47=0)),L47>-1,N47>-1),1,0) -> 0 | R47: =IF(AND(G47=L47,H47=N47,L47>-1,G47>-1),3,0) -> 0 | S47: =Q47+R47 -> 0
A48: 26 | B48: 44892 | D48: Bélgica | G48: 2 | H48: 0 | I48: Marruecos | L48: =OFICIAL!G43 -> 0 | M48: =OFICIAL!G43 -> 0 | N48: =OFICIAL!H43 -> 0 | O48: =OFICIAL!I43 -> Marruecos | Q48: =IF(AND(OR(AND(G48-H48>0,L48-N48>0),AND(G48-H48<0,L48-N48<0),AND(G48-H48=0,L48-N48=0)),L48>-1,N48>-1),1,0) -> 0 | R48: =IF(AND(G48=L48,H48=N48,L48>-1,G48>-1),3,0) -> 0 | S48: =Q48+R48 -> 0
A49: 27 | B49: 44892 | D49: Croacia | G49: 1 | H49: 1 | I49: Canadá | L49: =OFICIAL!G44 -> 0 | M49: =OFICIAL!G44 -> 0 | N49: =OFICIAL!H44 -> 0 | O49: =OFICIAL!I44 -> Canadá | Q49: =IF(AND(OR(AND(G49-H49>0,L49-N49>0),AND(G49-H49<0,L49-N49<0),AND(G49-H49=0,L49-N49=0)),L49>-1,N49>-1),1,0) -> 1 | R49: =IF(AND(G49=L49,H49=N49,L49>-1,G49>-1),3,0) -> 0 | S49: =Q49+R49 -> 1
A50: 41 | B50: 44896 | D50: Croacia | G50: 2 | H50: 2 | I50: Bélgica | L50: =OFICIAL!G45 -> 0 | M50: =OFICIAL!G45 -> 0 | N50: =OFICIAL!H45 -> 0 | O50: =OFICIAL!I45 -> Bélgica | Q50: =IF(AND(OR(AND(G50-H50>0,L50-N50>0),AND(G50-H50<0,L50-N50<0),AND(G50-H50=0,L50-N50=0)),L50>-1,N50>-1),1,0) -> 1 | R50: =IF(AND(G50=L50,H50=N50,L50>-1,G50>-1),3,0) -> 0 | S50: =Q50+R50 -> 1
A51: 42 | B51: 44896 | D51: Canadá | G51: 1 | H51: 0 | I51: Marruecos | L51: =OFICIAL!G46 -> 0 | M51: =OFICIAL!G46 -> 0 | N51: =OFICIAL!H46 -> 0 | O51: =OFICIAL!I46 -> Marruecos | Q51: =IF(AND(OR(AND(G51-H51>0,L51-N51>0),AND(G51-H51<0,L51-N51<0),AND(G51-H51=0,L51-N51=0)),L51>-1,N51>-1),1,0) -> 0 | R51: =IF(AND(G51=L51,H51=N51,L51>-1,G51>-1),3,0) -> 0 | S51: =Q51+R51 -> 0
A52: Grupo G
A53: 13 | B53: 44889 | D53: Suiza | G53: 1 | H53: 0 | I53: Camerún | L53: =OFICIAL!G48 -> 0 | M53: =OFICIAL!G48 -> 0 | N53: =OFICIAL!H48 -> 0 | O53: =OFICIAL!I48 -> Camerún | Q53: =IF(AND(OR(AND(G53-H53>0,L53-N53>0),AND(G53-H53<0,L53-N53<0),AND(G53-H53=0,L53-N53=0)),L53>-1,N53>-1),1,0) -> 0 | R53: =IF(AND(G53=L53,H53=N53,L53>-1,G53>-1),3,0) -> 0 | S53: =Q53+R53 -> 0
A54: 16 | B54: 44889 | D54: Brasil | G54: 3 | H54: 2 | I54: Serbia | L54: =OFICIAL!G49 -> 0 | M54: =OFICIAL!G49 -> 0 | N54: =OFICIAL!H49 -> 0 | O54: =OFICIAL!I49 -> Serbia | Q54: =IF(AND(OR(AND(G54-H54>0,L54-N54>0),AND(G54-H54<0,L54-N54<0),AND(G54-H54=0,L54-N54=0)),L54>-1,N54>-1),1,0) -> 0 | R54: =IF(AND(G54=L54,H54=N54,L54>-1,G54>-1),3,0) -> 0 | S54: =Q54+R54 -> 0
A55: 29 | B55: 44893 | D55: Camerún | G55: 1 | H55: 3 | I55: Serbia | L55: =OFICIAL!G50 -> 0 | M55: =OFICIAL!G50 -> 0 | N55: =OFICIAL!H50 -> 0 | O55: =OFICIAL!I50 -> Serbia | Q55: =IF(AND(OR(AND(G55-H55>0,L55-N55>0),AND(G55-H55<0,L55-N55<0),AND(G55-H55=0,L55-N55=0)),L55>-1,N55>-1),1,0) -> 0 | R55: =IF(AND(G55=L55,H55=N55,L55>-1,G55>-1),3,0) -> 0 | S55: =Q55+R55 -> 0
A56: 31 | B56: 44893 | D56: Brasil | G56: 2 | H56: 0 | I56: Suiza | L56: =OFICIAL!G51 -> 0 | M56: =OFICIAL!G51 -> 0 | N56: =OFICIAL!H51 -> 0 | O56: =OFICIAL!I51 -> Suiza | Q56: =IF(AND(OR(AND(G56-H56>0,L56-N56>0),AND(G56-H56<0,L56-N56<0),AND(G56-H56=0,L56-N56=0)),L56>-1,N56>-1),1,0) -> 0 | R56: =IF(AND(G56=L56,H56=N56,L56>-1,G56>-1),3,0) -> 0 | S56: =Q56+R56 -> 0
A57: 47 | B57: 44897 | D57: Serbia | G57: 2 | H57: 1 | I57: Suiza | L57: =OFICIAL!G52 -> 0 | M57: =OFICIAL!G52 -> 0 | N57: =OFICIAL!H52 -> 0 | O57: =OFICIAL!I52 -> Suiza | Q57: =IF(AND(OR(AND(G57-H57>0,L57-N57>0),AND(G57-H57<0,L57-N57<0),AND(G57-H57=0,L57-N57=0)),L57>-1,N57>-1),1,0) -> 0 | R57: =IF(AND(G57=L57,H57=N57,L57>-1,G57>-1),3,0) -> 0 | S57: =Q57+R57 -> 0
A58: 48 | B58: 44897 | D58: Camerún | G58: 1 | H58: 3 | I58: Brasil | L58: =OFICIAL!G53 -> 0 | M58: =OFICIAL!G53 -> 0 | N58: =OFICIAL!H53 -> 0 | O58: =OFICIAL!I53 -> Brasil | Q58: =IF(AND(OR(AND(G58-H58>0,L58-N58>0),AND(G58-H58<0,L58-N58<0),AND(G58-H58=0,L58-N58=0)),L58>-1,N58>-1),1,0) -> 0 | R58: =IF(AND(G58=L58,H58=N58,L58>-1,G58>-1),3,0) -> 0 | S58: =Q58+R58 -> 0
A59: Grupo H
A60: 14 | B60: 44889 | D60: Uruguay | G60: 1 | H60: 1 | I60: Corea del Sur | L60: =OFICIAL!G55 -> 0 | M60: =OFICIAL!G55 -> 0 | N60: =OFICIAL!H55 -> 0 | O60: =OFICIAL!I55 -> Corea del Sur | Q60: =IF(AND(OR(AND(G60-H60>0,L60-N60>0),AND(G60-H60<0,L60-N60<0),AND(G60-H60=0,L60-N60=0)),L60>-1,N60>-1),1,0) -> 1 | R60: =IF(AND(G60=L60,H60=N60,L60>-1,G60>-1),3,0) -> 0 | S60: =Q60+R60 -> 1
A61: 15 | B61: 44889 | D61: Portugal | G61: 2 | H61: 1 | I61: Ghana | L61: =OFICIAL!G56 -> 0 | M61: =OFICIAL!G56 -> 0 | N61: =OFICIAL!H56 -> 0 | O61: =OFICIAL!I56 -> Ghana | Q61: =IF(AND(OR(AND(G61-H61>0,L61-N61>0),AND(G61-H61<0,L61-N61<0),AND(G61-H61=0,L61-N61=0)),L61>-1,N61>-1),1,0) -> 0 | R61: =IF(AND(G61=L61,H61=N61,L61>-1,G61>-1),3,0) -> 0 | S61: =Q61+R61 -> 0
A62: 30 | B62: 44893 | D62: Corea delSur | G62: 2 | H62: 1 | I62: Ghana | L62: =OFICIAL!G57 -> 0 | M62: =OFICIAL!G57 -> 0 | N62: =OFICIAL!H57 -> 0 | O62: =OFICIAL!I57 -> Ghana | Q62: =IF(AND(OR(AND(G62-H62>0,L62-N62>0),AND(G62-H62<0,L62-N62<0),AND(G62-H62=0,L62-N62=0)),L62>-1,N62>-1),1,0) -> 0 | R62: =IF(AND(G62=L62,H62=N62,L62>-1,G62>-1),3,0) -> 0 | S62: =Q62+R62 -> 0
A63: 32 | B63: 44893 | D63: Portugal | G63: 1 | H63: 1 | I63: Uruguay | L63: =OFICIAL!G58 -> 0 | M63: =OFICIAL!G58 -> 0 | N63: =OFICIAL!H58 -> 0 | O63: =OFICIAL!I58 -> Uruguay | Q63: =IF(AND(OR(AND(G63-H63>0,L63-N63>0),AND(G63-H63<0,L63-N63<0),AND(G63-H63=0,L63-N63=0)),L63>-1,N63>-1),1,0) -> 1 | R63: =IF(AND(G63=L63,H63=N63,L63>-1,G63>-1),3,0) -> 0 | S63: =Q63+R63 -> 1
A64: 45 | B64: 44897 | D64: Corea delSur | G64: 1 | H64: 3 | I64: Portugal | L64: =OFICIAL!G59 -> 0 | M64: =OFICIAL!G59 -> 0 | N64: =OFICIAL!H59 -> 0 | O64: =OFICIAL!I59 -> Portugal | Q64: =IF(AND(OR(AND(G64-H64>0,L64-N64>0),AND(G64-H64<0,L64-N64<0),AND(G64-H64=0,L64-N64=0)),L64>-1,N64>-1),1,0) -> 0 | R64: =IF(AND(G64=L64,H64=N64,L64>-1,G64>-1),3,0) -> 0 | S64: =Q64+R64 -> 0
A65: 46 | B65: 44897 | D65: Ghana | G65: 1 | H65: 2 | I65: Uruguay | L65: =OFICIAL!G60 -> 0 | M65: =OFICIAL!G60 -> 0 | N65: =OFICIAL!H60 -> 0 | O65: =OFICIAL!I60 -> Uruguay | Q65: =IF(AND(OR(AND(G65-H65>0,L65-N65>0),AND(G65-H65<0,L65-N65<0),AND(G65-H65=0,L65-N65=0)),L65>-1,N65>-1),1,0) -> 0 | R65: =IF(AND(G65=L65,H65=N65,L65>-1,G65>-1),3,0) -> 0 | S65: =Q65+R65 -> 0
B68: TOTAL PUNTOS PRIMERA FASE | Q68: =SUM(S11:S65) -> 15
A70: OTRAS FASES | C70: (Marque con una X, cada fase
C71: que cree que superará cada selección)
A72: Fases | C72: 8F | D72: 4F | E72: SF | F72: F
A73: Equipos a marcar | C73: 16 | D73: 8 | E73: 4 | F73: 2 | S73: Total
A74: Puntos por acierto | C74: 1 | D74: 2 | E74: 5 | F74: 8 | L74: Pts
L75: 8F | M75: 4F | N75: SF | O75: F
A76: 1 | B76: Qatar | L76: =IF(AND(C76=OFICIAL!C70,OFICIAL!C70="X"),1,0) -> 0 | M76: =IF(AND(D76=OFICIAL!D70,OFICIAL!D70="X"),2,0) -> 0 | N76: =IF(AND(E76=OFICIAL!E70,OFICIAL!E70="X"),5,0) -> 0 | O76: =IF(AND(F76=OFICIAL!F70,OFICIAL!F70="X"),8,0) -> 0 | S76: =SUM(L76:O76) -> 0
A77: 2 | B77: Ecuador | L77: =IF(AND(C77=OFICIAL!C71,OFICIAL!C71="X"),1,0) -> 0 | M77: =IF(AND(D77=OFICIAL!D71,OFICIAL!D71="X"),2,0) -> 0 | N77: =IF(AND(E77=OFICIAL!E71,OFICIAL!E71="X"),5,0) -> 0 | O77: =IF(AND(F77=OFICIAL!F71,OFICIAL!F71="X"),8,0) -> 0 | S77: =SUM(L77:O77) -> 0
A78: 3 | B78: Senegal | C78: X | L78: =IF(AND(C78=OFICIAL!C72,OFICIAL!C72="X"),1,0) -> 0 | M78: =IF(AND(D78=OFICIAL!D72,OFICIAL!D72="X"),2,0) -> 0 | N78: =IF(AND(E78=OFICIAL!E72,OFICIAL!E72="X"),5,0) -> 0 | O78: =IF(AND(F78=OFICIAL!F72,OFICIAL!F72="X"),8,0) -> 0 | S78: =SUM(L78:O78) -> 0
A79: 4 | B79: Países Bajos | C79: X | D79: X | L79: =IF(AND(C79=OFICIAL!C73,OFICIAL!C73="X"),1,0) -> 0 | M79: =IF(AND(D79=OFICIAL!D73,OFICIAL!D73="X"),2,0) -> 0 | N79: =IF(AND(E79=OFICIAL!E73,OFICIAL!E73="X"),5,0) -> 0 | O79: =IF(AND(F79=OFICIAL!F73,OFICIAL!F73="X"),8,0) -> 0 | S79: =SUM(L79:O79) -> 0
A80: 5 | B80: Inglaterra | C80: X | D80: X | E80: X | L80: =IF(AND(C80=OFICIAL!C74,OFICIAL!C74="X"),1,0) -> 0 | M80: =IF(AND(D80=OFICIAL!D74,OFICIAL!D74="X"),2,0) -> 0 | N80: =IF(AND(E80=OFICIAL!E74,OFICIAL!E74="X"),5,0) -> 0 | O80: =IF(AND(F80=OFICIAL!F74,OFICIAL!F74="X"),8,0) -> 0 | S80: =SUM(L80:O80) -> 0
A81: 6 | B81: Irán | L81: =IF(AND(C81=OFICIAL!C75,OFICIAL!C75="X"),1,0) -> 0 | M81: =IF(AND(D81=OFICIAL!D75,OFICIAL!D75="X"),2,0) -> 0 | N81: =IF(AND(E81=OFICIAL!E75,OFICIAL!E75="X"),5,0) -> 0 | O81: =IF(AND(F81=OFICIAL!F75,OFICIAL!F75="X"),8,0) -> 0 | S81: =SUM(L81:O81) -> 0
A82: 7 | B82: USA | C82: X | L82: =IF(AND(C82=OFICIAL!C76,OFICIAL!C76="X"),1,0) -> 0 | M82: =IF(AND(D82=OFICIAL!D76,OFICIAL!D76="X"),2,0) -> 0 | N82: =IF(AND(E82=OFICIAL!E76,OFICIAL!E76="X"),5,0) -> 0 | O82: =IF(AND(F82=OFICIAL!F76,OFICIAL!F76="X"),8,0) -> 0 | S82: =SUM(L82:O82) -> 0
A83: 8 | B83: Gales | L83: =IF(AND(C83=OFICIAL!C77,OFICIAL!C77="X"),1,0) -> 0 | M83: =IF(AND(D83=OFICIAL!D77,OFICIAL!D77="X"),2,0) -> 0 | N83: =IF(AND(E83=OFICIAL!E77,OFICIAL!E77="X"),5,0) -> 0 | O83: =IF(AND(F83=OFICIAL!F77,OFICIAL!F77="X"),8,0) -> 0 | S83: =SUM(L83:O83) -> 0
A84: 9 | B84: Argentina | C84: X | D84: X | E84: X | F84: X | L84: =IF(AND(C84=OFICIAL!C78,OFICIAL!C78="X"),1,0) -> 0 | M84: =IF(AND(D84=OFICIAL!D78,OFICIAL!D78="X"),2,0) -> 0 | N84: =IF(AND(E84=OFICIAL!E78,OFICIAL!E78="X"),5,0) -> 0 | O84: =IF(AND(F84=OFICIAL!F78,OFICIAL!F78="X"),8,0) -> 0 | S84: =SUM(L84:O84) -> 0
A85: 10 | B85: Arabia Saudí | L85: =IF(AND(C85=OFICIAL!C79,OFICIAL!C79="X"),1,0) -> 0 | M85: =IF(AND(D85=OFICIAL!D79,OFICIAL!D79="X"),2,0) -> 0 | N85: =IF(AND(E85=OFICIAL!E79,OFICIAL!E79="X"),5,0) -> 0 | O85: =IF(AND(F85=OFICIAL!F79,OFICIAL!F79="X"),8,0) -> 0 | S85: =SUM(L85:O85) -> 0
A86: 11 | B86: México | L86: =IF(AND(C86=OFICIAL!C80,OFICIAL!C80="X"),1,0) -> 0 | M86: =IF(AND(D86=OFICIAL!D80,OFICIAL!D80="X"),2,0) -> 0 | N86: =IF(AND(E86=OFICIAL!E80,OFICIAL!E80="X"),5,0) -> 0 | O86: =IF(AND(F86=OFICIAL!F80,OFICIAL!F80="X"),8,0) -> 0 | S86: =SUM(L86:O86) -> 0
A87: 12 | B87: Polonia | C87: X | L87: =IF(AND(C87=OFICIAL!C81,OFICIAL!C81="X"),1,0) -> 0 | M87: =IF(AND(D87=OFICIAL!D81,OFICIAL!D81="X"),2,0) -> 0 | N87: =IF(AND(E87=OFICIAL!E81,OFICIAL!E81="X"),5,0) -> 0 | O87: =IF(AND(F87=OFICIAL!F81,OFICIAL!F81="X"),8,0) -> 0 | S87: =SUM(L87:O87) -> 0
A88: 13 | B88: Francia | C88: X | D88: X | L88: =IF(AND(C88=OFICIAL!C82,OFICIAL!C82="X"),1,0) -> 0 | M88: =IF(AND(D88=OFICIAL!D82,OFICIAL!D82="X"),2,0) -> 0 | N88: =IF(AND(E88=OFICIAL!E82,OFICIAL!E82="X"),5,0) -> 0 | O88: =IF(AND(F88=OFICIAL!F82,OFICIAL!F82="X"),8,0) -> 0 | S88: =SUM(L88:O88) -> 0
A89: 14 | B89: Australia | L89: =IF(AND(C89=OFICIAL!C83,OFICIAL!C83="X"),1,0) -> 0 | M89: =IF(AND(D89=OFICIAL!D83,OFICIAL!D83="X"),2,0) -> 0 | N89: =IF(AND(E89=OFICIAL!E83,OFICIAL!E83="X"),5,0) -> 0 | O89: =IF(AND(F89=OFICIAL!F83,OFICIAL!F83="X"),8,0) -> 0 | S89: =SUM(L89:O89) -> 0
A90: 15 | B90: Dinamarca | C90: X | L90: =IF(AND(C90=OFICIAL!C84,OFICIAL!C84="X"),1,0) -> 0 | M90: =IF(AND(D90=OFICIAL!D84,OFICIAL!D84="X"),2,0) -> 0 | N90: =IF(AND(E90=OFICIAL!E84,OFICIAL!E84="X"),5,0) -> 0 | O90: =IF(AND(F90=OFICIAL!F84,OFICIAL!F84="X"),8,0) -> 0 | S90: =SUM(L90:O90) -> 0
A91: 16 | B91: Túnez | L91: =IF(AND(C91=OFICIAL!C85,OFICIAL!C85="X"),1,0) -> 0 | M91: =IF(AND(D91=OFICIAL!D85,OFICIAL!D85="X"),2,0) -> 0 | N91: =IF(AND(E91=OFICIAL!E85,OFICIAL!E85="X"),5,0) -> 0 | O91: =IF(AND(F91=OFICIAL!F85,OFICIAL!F85="X"),8,0) -> 0 | S91: =SUM(L91:O91) -> 0
A92: 17 | B92: España | C92: X | D92: X | L92: =IF(AND(C92=OFICIAL!C86,OFICIAL!C86="X"),1,0) -> 0 | M92: =IF(AND(D92=OFICIAL!D86,OFICIAL!D86="X"),2,0) -> 0 | N92: =IF(AND(E92=OFICIAL!E86,OFICIAL!E86="X"),5,0) -> 0 | O92: =IF(AND(F92=OFICIAL!F86,OFICIAL!F86="X"),8,0) -> 0 | S92: =SUM(L92:O92) -> 0
A93: 18 | B93: Costa Rica | L93: =IF(AND(C93=OFICIAL!C87,OFICIAL!C87="X"),1,0) -> 0 | M93: =IF(AND(D93=OFICIAL!D87,OFICIAL!D87="X"),2,0) -> 0 | N93: =IF(AND(E93=OFICIAL!E87,OFICIAL!E87="X"),5,0) -> 0 | O93: =IF(AND(F93=OFICIAL!F87,OFICIAL!F87="X"),8,0) -> 0 | S93: =SUM(L93:O93) -> 0
A94: 19 | B94: Alemania | C94: X | D94: X | L94: =IF(AND(C94=OFICIAL!C88,OFICIAL!C88="X"),1,0) -> 0 | M94: =IF(AND(D94=OFICIAL!D88,OFICIAL!D88="X"),2,0) -> 0 | N94: =IF(AND(E94=OFICIAL!E88,OFICIAL!E88="X"),5,0) -> 0 | O94: =IF(AND(F94=OFICIAL!F88,OFICIAL!F88="X"),8,0) -> 0 | S94: =SUM(L94:O94) -> 0
A95: 20 | B95: Japón | L95: =IF(AND(C95=OFICIAL!C89,OFICIAL!C89="X"),1,0) -> 0 | M95: =IF(AND(D95=OFICIAL!D89,OFICIAL!D89="X"),2,0) -> 0 | N95: =IF(AND(E95=OFICIAL!E89,OFICIAL!E89="X"),5,0) -> 0 | O95: =IF(AND(F95=OFICIAL!F89,OFICIAL!F89="X"),8,0) -> 0 | S95: =SUM(L95:O95) -> 0
A96: 21 | B96: Bélgica | C96: X | L96: =IF(AND(C96=OFICIAL!C90,OFICIAL!C90="X"),1,0) -> 0 | M96: =IF(AND(D96=OFICIAL!D90,OFICIAL!D90="X"),2,0) -> 0 | N96: =IF(AND(E96=OFICIAL!E90,OFICIAL!E90="X"),5,0) -> 0 | O96: =IF(AND(F96=OFICIAL!F90,OFICIAL!F90="X"),8,0) -> 0 | S96: =SUM(L96:O96) -> 0
A97: 22 | B97: Canadá | L97: =IF(AND(C97=OFICIAL!C91,OFICIAL!C91="X"),1,0) -> 0 | M97: =IF(AND(D97=OFICIAL!D91,OFICIAL!D91="X"),2,0) -> 0 | N97: =IF(AND(E97=OFICIAL!E91,OFICIAL!E91="X"),5,0) -> 0 | O97: =IF(AND(F97=OFICIAL!F91,OFICIAL!F91="X"),8,0) -> 0 | S97: =SUM(L97:O97) -> 0
A98: 23 | B98: Marruecos | L98: =IF(AND(C98=OFICIAL!C92,OFICIAL!C92="X"),1,0) -> 0 | M98: =IF(AND(D98=OFICIAL!D92,OFICIAL!D92="X"),2,0) -> 0 | N98: =IF(AND(E98=OFICIAL!E92,OFICIAL!E92="X"),5,0) -> 0 | O98: =IF(AND(F98=OFICIAL!F92,OFICIAL!F92="X"),8,0) -> 0 | S98: =SUM(L98:O98) -> 0
A99: 24 | B99: Croacia | C99: X | L99: =IF(AND(C99=OFICIAL!C93,OFICIAL!C93="X"),1,0) -> 0 | M99: =IF(AND(D99=OFICIAL!D93,OFICIAL!D93="X"),2,0) -> 0 | N99: =IF(AND(E99=OFICIAL!E93,OFICIAL!E93="X"),5,0) -> 0 | O99: =IF(AND(F99=OFICIAL!F93,OFICIAL!F93="X"),8,0) -> 0 | S99: =SUM(L99:O99) -> 0
A100: 25 | B100: Brasil | C100: X | D100: X | E100: X | L100: =IF(AND(C100=OFICIAL!C94,OFICIAL!C94="X"),1,0) -> 0 | M100: =IF(AND(D100=OFICIAL!D94,OFICIAL!D94="X"),2,0) -> 0 | N100: =IF(AND(E100=OFICIAL!E94,OFICIAL!E94="X"),5,0) -> 0 | O100: =IF(AND(F100=OFICIAL!F94,OFICIAL!F94="X"),8,0) -> 0 | S100: =SUM(L100:O100) -> 0
A101: 26 | B101: Serbia | C101: X | L101: =IF(AND(C101=OFICIAL!C95,OFICIAL!C95="X"),1,0) -> 0 | M101: =IF(AND(D101=OFICIAL!D95,OFICIAL!D95="X"),2,0) -> 0 | N101: =IF(AND(E101=OFICIAL!E95,OFICIAL!E95="X"),5,0) -> 0 | O101: =IF(AND(F101=OFICIAL!F95,OFICIAL!F95="X"),8,0) -> 0 | S101: =SUM(L101:O101) -> 0
A102: 27 | B102: Suiza | L102: =IF(AND(C102=OFICIAL!C96,OFICIAL!C96="X"),1,0) -> 0 | M102: =IF(AND(D102=OFICIAL!D96,OFICIAL!D96="X"),2,0) -> 0 | N102: =IF(AND(E102=OFICIAL!E96,OFICIAL!E96="X"),5,0) -> 0 | O102: =IF(AND(F102=OFICIAL!F96,OFICIAL!F96="X"),8,0) -> 0 | S102: =SUM(L102:O102) -> 0
A103: 28 | B103: Camerún | L103: =IF(AND(C103=OFICIAL!C97,OFICIAL!C97="X"),1,0) -> 0 | M103: =IF(AND(D103=OFICIAL!D97,OFICIAL!D97="X"),2,0) -> 0 | N103: =IF(AND(E103=OFICIAL!E97,OFICIAL!E97="X"),5,0) -> 0 | O103: =IF(AND(F103=OFICIAL!F97,OFICIAL!F97="X"),8,0) -> 0 | S103: =SUM(L103:O103) -> 0
A104: 29 | B104: Portugal | C104: X | D104: X | E104: X | F104: X | L104: =IF(AND(C104=OFICIAL!C98,OFICIAL!C98="X"),1,0) -> 0 | M104: =IF(AND(D104=OFICIAL!D98,OFICIAL!D98="X"),2,0) -> 0 | N104: =IF(AND(E104=OFICIAL!E98,OFICIAL!E98="X"),5,0) -> 0 | O104: =IF(AND(F104=OFICIAL!F98,OFICIAL!F98="X"),8,0) -> 0 | S104: =SUM(L104:O104) -> 0
A105: 30 | B105: Ghana | L105: =IF(AND(C105=OFICIAL!C99,OFICIAL!C99="X"),1,0) -> 0 | M105: =IF(AND(D105=OFICIAL!D99,OFICIAL!D99="X"),2,0) -> 0 | N105: =IF(AND(E105=OFICIAL!E99,OFICIAL!E99="X"),5,0) -> 0 | O105: =IF(AND(F105=OFICIAL!F99,OFICIAL!F99="X"),8,0) -> 0 | S105: =SUM(L105:O105) -> 0
...

Sheet JCB
B1: MUNDIAL DE FÚTBOL QATAR 2022 | O1: Premios | Q1: 1 Puesto | S1: 0.7
B2: Escribir solo en las cajas | E2: VERDES | L2: 5 | M2: E | Q2: 2 Puesto | S2: 0.2
B3: No toque ni re formatee nada | Q3: 3 Puesto | S3: 0.1
B5: PARTICIPANTE: | C5: JORDI CUCURULL BARGALLÓ | L5: Resultado: 1 Pt | Q5: No tocar Columnas
L6: Exacto: 4 Pts | Q6: Naranjas
A8: Partido | B8: Fecha | G8: Resultado | L8: Resultado | Q8: Pts
G9: Suyo | L9: Real | Q9: Resu | R9: Exac | S9: Total
A10: Grupo A
A11: 1 | B11: 44885 | D11: Qatar | G11: 1 | H11: 2 | I11: Ecuador | L11: =OFICIAL!G6 -> 0 | M11: =OFICIAL!G6 -> 0 | N11: =OFICIAL!H6 -> 2 | O11: =OFICIAL!I6 -> Ecuador | Q11: =IF(AND(OR(AND(G11-H11>0,L11-N11>0),AND(G11-H11<0,L11-N11<0),AND(G11-H11=0,L11-N11=0)),L11>-1,N11>-1),1,0) -> 1 | R11: =IF(AND(G11=L11,H11=N11,L11>-1,G11>-1),3,0) -> 0 | S11: =Q11+R11 -> 1
A12: 3 | B12: 44886 | D12: Senegal | G12: 1 | H12: 3 | I12: Países Bajos | L12: =OFICIAL!G7 -> 0 | M12: =OFICIAL!G7 -> 0 | N12: =OFICIAL!H7 -> 0 | O12: =OFICIAL!I7 -> Países Bajos | Q12: =IF(AND(OR(AND(G12-H12>0,L12-N12>0),AND(G12-H12<0,L12-N12<0),AND(G12-H12=0,L12-N12=0)),L12>-1,N12>-1),1,0) -> 0 | R12: =IF(AND(G12=L12,H12=N12,L12>-1,G12>-1),3,0) -> 0 | S12: =Q12+R12 -> 0
A13: 18 | B13: 44890 | D13: Qatar | G13: 0 | H13: 1 | I13: Senegal | L13: =OFICIAL!G8 -> 0 | M13: =OFICIAL!G8 -> 0 | N13: =OFICIAL!H8 -> 0 | O13: =OFICIAL!I8 -> Senegal | Q13: =IF(AND(OR(AND(G13-H13>0,L13-N13>0),AND(G13-H13<0,L13-N13<0),AND(G13-H13=0,L13-N13=0)),L13>-1,N13>-1),1,0) -> 0 | R13: =IF(AND(G13=L13,H13=N13,L13>-1,G13>-1),3,0) -> 0 | S13: =Q13+R13 -> 0
A14: 19 | B14: 44890 | D14: Países Bajos | G14: 2 | H14: 1 | I14: Ecuador | L14: =OFICIAL!G9 -> 0 | M14: =OFICIAL!G9 -> 0 | N14: =OFICIAL!H9 -> 0 | O14: =OFICIAL!I9 -> Ecuador | Q14: =IF(AND(OR(AND(G14-H14>0,L14-N14>0),AND(G14-H14<0,L14-N14<0),AND(G14-H14=0,L14-N14=0)),L14>-1,N14>-1),1,0) -> 0 | R14: =IF(AND(G14=L14,H14=N14,L14>-1,G14>-1),3,0) -> 0 | S14: =Q14+R14 -> 0
A15: 33 | B15: 44894 | D15: Países Bajos | G15: 3 | H15: 0 | I15: Qatar | L15: =OFICIAL!G10 -> 0 | M15: =OFICIAL!G10 -> 0 | N15: =OFICIAL!H10 -> 0 | O15: =OFICIAL!I10 -> Qatar | Q15: =IF(AND(OR(AND(G15-H15>0,L15-N15>0),AND(G15-H15<0,L15-N15<0),AND(G15-H15=0,L15-N15=0)),L15>-1,N15>-1),1,0) -> 0 | R15: =IF(AND(G15=L15,H15=N15,L15>-1,G15>-1),3,0) -> 0 | S15: =Q15+R15 -> 0
A16: 34 | B16: 44894 | D16: Ecuador | G16: 2 | H16: 1 | I16: Senegal | L16: =OFICIAL!G11 -> 0 | M16: =OFICIAL!G11 -> 0 | N16: =OFICIAL!H11 -> 0 | O16: =OFICIAL!I11 -> Senegal | Q16: =IF(AND(OR(AND(G16-H16>0,L16-N16>0),AND(G16-H16<0,L16-N16<0),AND(G16-H16=0,L16-N16=0)),L16>-1,N16>-1),1,0) -> 0 | R16: =IF(AND(G16=L16,H16=N16,L16>-1,G16>-1),3,0) -> 0 | S16: =Q16+R16 -> 0
A17: Grupo B
A18: 2 | B18: 44886 | D18: Inglaterra | G18: 3 | H18: 1 | I18: Irán | L18: =OFICIAL!G13 -> 0 | M18: =OFICIAL!G13 -> 0 | N18: =OFICIAL!H13 -> 0 | O18: =OFICIAL!I13 -> Irán | Q18: =IF(AND(OR(AND(G18-H18>0,L18-N18>0),AND(G18-H18<0,L18-N18<0),AND(G18-H18=0,L18-N18=0)),L18>-1,N18>-1),1,0) -> 0 | R18: =IF(AND(G18=L18,H18=N18,L18>-1,G18>-1),3,0) -> 0 | S18: =Q18+R18 -> 0
A19: 4 | B19: 44886 | D19: USA | G19: 1 | H19: 0 | I19: Gales | L19: =OFICIAL!G14 -> 0 | M19: =OFICIAL!G14 -> 0 | N19: =OFICIAL!H14 -> 0 | O19: =OFICIAL!I14 -> Gales | Q19: =IF(AND(OR(AND(G19-H19>0,L19-N19>0),AND(G19-H19<0,L19-N19<0),AND(G19-H19=0,L19-N19=0)),L19>-1,N19>-1),1,0) -> 0 | R19: =IF(AND(G19=L19,H19=N19,L19>-1,G19>-1),3,0) -> 0 | S19: =Q19+R19 -> 0
A20: 17 | B20: 44890 | D20: Gales | G20: 3 | H20: 1 | I20: Irán | L20: =OFICIAL!G15 -> 0 | M20: =OFICIAL!G15 -> 0 | N20: =OFICIAL!H15 -> 0 | O20: =OFICIAL!I15 -> Irán | Q20: =IF(AND(OR(AND(G20-H20>0,L20-N20>0),AND(G20-H20<0,L20-N20<0),AND(G20-H20=0,L20-N20=0)),L20>-1,N20>-1),1,0) -> 0 | R20: =IF(AND(G20=L20,H20=N20,L20>-1,G20>-1),3,0) -> 0 | S20: =Q20+R20 -> 0
A21: 20 | B21: 44890 | D21: Inglaterra | G21: 2 | H21: 0 | I21: USA | L21: =OFICIAL!G16 -> 0 | M21: =OFICIAL!G16 -> 0 | N21: =OFICIAL!H16 -> 0 | O21: =OFICIAL!I16 -> USA | Q21: =IF(AND(OR(AND(G21-H21>0,L21-N21>0),AND(G21-H21<0,L21-N21<0),AND(G21-H21=0,L21-N21=0)),L21>-1,N21>-1),1,0) -> 0 | R21: =IF(AND(G21=L21,H21=N21,L21>-1,G21>-1),3,0) -> 0 | S21: =Q21+R21 -> 0
A22: 35 | B22: 44894 | D22: Gales | G22: 2 | H22: 2 | I22: Inglaterra | L22: =OFICIAL!G17 -> 0 | M22: =OFICIAL!G17 -> 0 | N22: =OFICIAL!H17 -> 0 | O22: =OFICIAL!I17 -> Inglaterra | Q22: =IF(AND(OR(AND(G22-H22>0,L22-N22>0),AND(G22-H22<0,L22-N22<0),AND(G22-H22=0,L22-N22=0)),L22>-1,N22>-1),1,0) -> 1 | R22: =IF(AND(G22=L22,H22=N22,L22>-1,G22>-1),3,0) -> 0 | S22: =Q22+R22 -> 1
A23: 36 | B23: 44894 | D23: Irán | G23: 1 | H23: 3 | I23: USA | L23: =OFICIAL!G18 -> 0 | M23: =OFICIAL!G18 -> 0 | N23: =OFICIAL!H18 -> 0 | O23: =OFICIAL!I18 -> USA | Q23: =IF(AND(OR(AND(G23-H23>0,L23-N23>0),AND(G23-H23<0,L23-N23<0),AND(G23-H23=0,L23-N23=0)),L23>-1,N23>-1),1,0) -> 0 | R23: =IF(AND(G23=L23,H23=N23,L23>-1,G23>-1),3,0) -> 0 | S23: =Q23+R23 -> 0
A24: Grupo C
A25: 5 | B25: 44887 | D25: Argentina | G25: 3 | H25: 0 | I25: Arabia Saudí | L25: =OFICIAL!G20 -> 0 | M25: =OFICIAL!G20 -> 0 | N25: =OFICIAL!H20 -> 0 | O25: =OFICIAL!I20 -> Arabia Saudí | Q25: =IF(AND(OR(AND(G25-H25>0,L25-N25>0),AND(G25-H25<0,L25-N25<0),AND(G25-H25=0,L25-N25=0)),L25>-1,N25>-1),1,0) -> 0 | R25: =IF(AND(G25=L25,H25=N25,L25>-1,G25>-1),3,0) -> 0 | S25: =Q25+R25 -> 0
A26: 7 | B26: 44887 | D26: México | G26: 1 | H26: 2 | I26: Polonia | L26: =OFICIAL!G21 -> 0 | M26: =OFICIAL!G21 -> 0 | N26: =OFICIAL!H21 -> 0 | O26: =OFICIAL!I21 -> Polonia | Q26: =IF(AND(OR(AND(G26-H26>0,L26-N26>0),AND(G26-H26<0,L26-N26<0),AND(G26-H26=0,L26-N26=0)),L26>-1,N26>-1),1,0) -> 0 | R26: =IF(AND(G26=L26,H26=N26,L26>-1,G26>-1),3,0) -> 0 | S26: =Q26+R26 -> 0
A27: 22 | B27: 44891 | D27: Polonia | G27: 2 | H27: 0 | I27: Arabia Saudí | L27: =OFICIAL!G22 -> 0 | M27: =OFICIAL!G22 -> 0 | N27: =OFICIAL!H22 -> 0 | O27: =OFICIAL!I22 -> Arabia Saudí | Q27: =IF(AND(OR(AND(G27-H27>0,L27-N27>0),AND(G27-H27<0,L27-N27<0),AND(G27-H27=0,L27-N27=0)),L27>-1,N27>-1),1,0) -> 0 | R27: =IF(AND(G27=L27,H27=N27,L27>-1,G27>-1),3,0) -> 0 | S27: =Q27+R27 -> 0
A28: 24 | B28: 44891 | D28: Argentina | G28: 2 | H28: 0 | I28: México | L28: =OFICIAL!G23 -> 0 | M28: =OFICIAL!G23 -> 0 | N28: =OFICIAL!H23 -> 0 | O28: =OFICIAL!I23 -> México | Q28: =IF(AND(OR(AND(G28-H28>0,L28-N28>0),AND(G28-H28<0,L28-N28<0),AND(G28-H28=0,L28-N28=0)),L28>-1,N28>-1),1,0) -> 0 | R28: =IF(AND(G28=L28,H28=N28,L28>-1,G28>-1),3,0) -> 0 | S28: =Q28+R28 -> 0
A29: 39 | B29: 44895 | D29: Arabia Saudí | G29: 2 | H29: 2 | I29: México | L29: =OFICIAL!G24 -> 0 | M29: =OFICIAL!G24 -> 0 | N29: =OFICIAL!H24 -> 0 | O29: =OFICIAL!I24 -> México | Q29: =IF(AND(OR(AND(G29-H29>0,L29-N29>0),AND(G29-H29<0,L29-N29<0),AND(G29-H29=0,L29-N29=0)),L29>-1,N29>-1),1,0) -> 1 | R29: =IF(AND(G29=L29,H29=N29,L29>-1,G29>-1),3,0) -> 0 | S29: =Q29+R29 -> 1
A30: 40 | B30: 44895 | D30: Polonia | G30: 1 | H30: 1 | I30: Argentina | L30: =OFICIAL!G25 -> 0 | M30: =OFICIAL!G25 -> 0 | N30: =OFICIAL!H25 -> 0 | O30: =OFICIAL!I25 -> Argentina | Q30: =IF(AND(OR(AND(G30-H30>0,L30-N30>0),AND(G30-H30<0,L30-N30<0),AND(G30-H30=0,L30-N30=0)),L30>-1,N30>-1),1,0) -> 1 | R30: =IF(AND(G30=L30,H30=N30,L30>-1,G30>-1),3,0) -> 0 | S30: =Q30+R30 -> 1
A31: Grupo D
A32: 6 | B32: 44887 | D32: Dinamarca | G32: 2 | H32: 0 | I32: Túnez | L32: =OFICIAL!G27 -> 0 | M32: =OFICIAL!G27 -> 0 | N32: =OFICIAL!H27 -> 0 | O32: =OFICIAL!I27 -> Túnez | Q32: =IF(AND(OR(AND(G32-H32>0,L32-N32>0),AND(G32-H32<0,L32-N32<0),AND(G32-H32=0,L32-N32=0)),L32>-1,N32>-1),1,0) -> 0 | R32: =IF(AND(G32=L32,H32=N32,L32>-1,G32>-1),3,0) -> 0 | S32: =Q32+R32 -> 0
A33: 8 | B33: 44887 | D33: Francia | G33: 3 | H33: 1 | I33: Australia | L33: =OFICIAL!G28 -> 0 | M33: =OFICIAL!G28 -> 0 | N33: =OFICIAL!H28 -> 0 | O33: =OFICIAL!I28 -> Australia | Q33: =IF(AND(OR(AND(G33-H33>0,L33-N33>0),AND(G33-H33<0,L33-N33<0),AND(G33-H33=0,L33-N33=0)),L33>-1,N33>-1),1,0) -> 0 | R33: =IF(AND(G33=L33,H33=N33,L33>-1,G33>-1),3,0) -> 0 | S33: =Q33+R33 -> 0
A34: 21 | B34: 44891 | D34: Túnez | G34: 2 | H34: 2 | I34: Australia | L34: =OFICIAL!G29 -> 0 | M34: =OFICIAL!G29 -> 0 | N34: =OFICIAL!H29 -> 0 | O34: =OFICIAL!I29 -> Australia | Q34: =IF(AND(OR(AND(G34-H34>0,L34-N34>0),AND(G34-H34<0,L34-N34<0),AND(G34-H34=0,L34-N34=0)),L34>-1,N34>-1),1,0) -> 1 | R34: =IF(AND(G34=L34,H34=N34,L34>-1,G34>-1),3,0) -> 0 | S34: =Q34+R34 -> 1
A35: 23 | B35: 44891 | D35: Francia | G35: 2 | H35: 1 | I35: Dinamarca | L35: =OFICIAL!G30 -> 0 | M35: =OFICIAL!G30 -> 0 | N35: =OFICIAL!H30 -> 0 | O35: =OFICIAL!I30 -> Dinamarca | Q35: =IF(AND(OR(AND(G35-H35>0,L35-N35>0),AND(G35-H35<0,L35-N35<0),AND(G35-H35=0,L35-N35=0)),L35>-1,N35>-1),1,0) -> 0 | R35: =IF(AND(G35=L35,H35=N35,L35>-1,G35>-1),3,0) -> 0 | S35: =Q35+R35 -> 0
A36: 37 | B36: 44895 | D36: Túnez | G36: 0 | H36: 3 | I36: Francia | L36: =OFICIAL!G31 -> 0 | M36: =OFICIAL!G31 -> 0 | N36: =OFICIAL!H31 -> 0 | O36: =OFICIAL!I31 -> Francia | Q36: =IF(AND(OR(AND(G36-H36>0,L36-N36>0),AND(G36-H36<0,L36-N36<0),AND(G36-H36=0,L36-N36=0)),L36>-1,N36>-1),1,0) -> 0 | R36: =IF(AND(G36=L36,H36=N36,L36>-1,G36>-1),3,0) -> 0 | S36: =Q36+R36 -> 0
A37: 38 | B37: 44895 | D37: Australia | G37: 1 | H37: 3 | I37: Dinamarca | L37: =OFICIAL!G32 -> 0 | M37: =OFICIAL!G32 -> 0 | N37: =OFICIAL!H32 -> 0 | O37: =OFICIAL!I32 -> Dinamarca | Q37: =IF(AND(OR(AND(G37-H37>0,L37-N37>0),AND(G37-H37<0,L37-N37<0),AND(G37-H37=0,L37-N37=0)),L37>-1,N37>-1),1,0) -> 0 | R37: =IF(AND(G37=L37,H37=N37,L37>-1,G37>-1),3,0) -> 0 | S37: =Q37+R37 -> 0
A38: Grupo E
A39: 10 | B39: 44888 | D39: Alemania | G39: 2 | H39: 0 | I39: Japón | L39: =OFICIAL!G34 -> 0 | M39: =OFICIAL!G34 -> 0 | N39: =OFICIAL!H34 -> 0 | O39: =OFICIAL!I34 -> Japón | Q39: =IF(AND(OR(AND(G39-H39>0,L39-N39>0),AND(G39-H39<0,L39-N39<0),AND(G39-H39=0,L39-N39=0)),L39>-1,N39>-1),1,0) -> 0 | R39: =IF(AND(G39=L39,H39=N39,L39>-1,G39>-1),3,0) -> 0 | S39: =Q39+R39 -> 0
A40: 11 | B40: 44888 | D40: España | G40: 2 | H40: 0 | I40: Costa Rica | L40: =OFICIAL!G35 -> 0 | M40: =OFICIAL!G35 -> 0 | N40: =OFICIAL!H35 -> 0 | O40: =OFICIAL!I35 -> Costa Rica | Q40: =IF(AND(OR(AND(G40-H40>0,L40-N40>0),AND(G40-H40<0,L40-N40<0),AND(G40-H40=0,L40-N40=0)),L40>-1,N40>-1),1,0) -> 0 | R40: =IF(AND(G40=L40,H40=N40,L40>-1,G40>-1),3,0) -> 0 | S40: =Q40+R40 -> 0
A41: 25 | B41: 44892 | D41: Japón | G41: 1 | H41: 1 | I41: Costa Rica | L41: =OFICIAL!G36 -> 0 | M41: =OFICIAL!G36 -> 0 | N41: =OFICIAL!H36 -> 0 | O41: =OFICIAL!I36 -> Costa Rica | Q41: =IF(AND(OR(AND(G41-H41>0,L41-N41>0),AND(G41-H41<0,L41-N41<0),AND(G41-H41=0,L41-N41=0)),L41>-1,N41>-1),1,0) -> 1 | R41: =IF(AND(G41=L41,H41=N41,L41>-1,G41>-1),3,0) -> 0 | S41: =Q41+R41 -> 1
A42: 28 | B42: 44892 | D42: España | G42: 1 | H42: 2 | I42: Alemania | L42: =OFICIAL!G37 -> 0 | M42: =OFICIAL!G37 -> 0 | N42: =OFICIAL!H37 -> 0 | O42: =OFICIAL!I37 -> Alemania | Q42: =IF(AND(OR(AND(G42-H42>0,L42-N42>0),AND(G42-H42<0,L42-N42<0),AND(G42-H42=0,L42-N42=0)),L42>-1,N42>-1),1,0) -> 0 | R42: =IF(AND(G42=L42,H42=N42,L42>-1,G42>-1),3,0) -> 0 | S42: =Q42+R42 -> 0
A43: 43 | B43: 44896 | D43: Japón | G43: 0 | H43: 3 | I43: España | L43: =OFICIAL!G38 -> 0 | M43: =OFICIAL!G38 -> 0 | N43: =OFICIAL!H38 -> 0 | O43: =OFICIAL!I38 -> España | Q43: =IF(AND(OR(AND(G43-H43>0,L43-N43>0),AND(G43-H43<0,L43-N43<0),AND(G43-H43=0,L43-N43=0)),L43>-1,N43>-1),1,0) -> 0 | R43: =IF(AND(G43=L43,H43=N43,L43>-1,G43>-1),3,0) -> 0 | S43: =Q43+R43 -> 0
A44: 44 | B44: 44896 | D44: Costa Rica | G44: 1 | H44: 3 | I44: Alemania | L44: =OFICIAL!G39 -> 0 | M44: =OFICIAL!G39 -> 0 | N44: =OFICIAL!H39 -> 0 | O44: =OFICIAL!I39 -> Alemania | Q44: =IF(AND(OR(AND(G44-H44>0,L44-N44>0),AND(G44-H44<0,L44-N44<0),AND(G44-H44=0,L44-N44=0)),L44>-1,N44>-1),1,0) -> 0 | R44: =IF(AND(G44=L44,H44=N44,L44>-1,G44>-1),3,0) -> 0 | S44: =Q44+R44 -> 0
A45: Grupo F
A46: 9 | B46: 44888 | D46: Marruecos | G46: 1 | H46: 2 | I46: Croacia | L46: =OFICIAL!G41 -> 0 | M46: =OFICIAL!G41 -> 0 | N46: =OFICIAL!H41 -> 0 | O46: =OFICIAL!I41 -> Croacia | Q46: =IF(AND(OR(AND(G46-H46>0,L46-N46>0),AND(G46-H46<0,L46-N46<0),AND(G46-H46=0,L46-N46=0)),L46>-1,N46>-1),1,0) -> 0 | R46: =IF(AND(G46=L46,H46=N46,L46>-1,G46>-1),3,0) -> 0 | S46: =Q46+R46 -> 0
A47: 12 | B47: 44888 | D47: Bélgica | G47: 3 | H47: 2 | I47: Canadá | L47: =OFICIAL!G42 -> 0 | M47: =OFICIAL!G42 -> 0 | N47: =OFICIAL!H42 -> 0 | O47: =OFICIAL!I42 -> Canadá | Q47: =IF(AND(OR(AND(G47-H47>0,L47-N47>0),AND(G47-H47<0,L47-N47<0),AND(G47-H47=0,L47-N47=0)),L47>-1,N47>-1),1,0) -> 0 | R47: =IF(AND(G47=L47,H47=N47,L47>-1,G47>-1),3,0) -> 0 | S47: =Q47+R47 -> 0
A48: 26 | B48: 44892 | D48: Bélgica | G48: 2 | H48: 1 | I48: Marruecos | L48: =OFICIAL!G43 -> 0 | M48: =OFICIAL!G43 -> 0 | N48: =OFICIAL!H43 -> 0 | O48: =OFICIAL!I43 -> Marruecos | Q48: =IF(AND(OR(AND(G48-H48>0,L48-N48>0),AND(G48-H48<0,L48-N48<0),AND(G48-H48=0,L48-N48=0)),L48>-1,N48>-1),1,0) -> 0 | R48: =IF(AND(G48=L48,H48=N48,L48>-1,G48>-1),3,0) -> 0 | S48: =Q48+R48 -> 0
A49: 27 | B49: 44892 | D49: Croacia | G49: 1 | H49: 0 | I49: Canadá | L49: =OFICIAL!G44 -> 0 | M49: =OFICIAL!G44 -> 0 | N49: =OFICIAL!H44 -> 0 | O49: =OFICIAL!I44 -> Canadá | Q49: =IF(AND(OR(AND(G49-H49>0,L49-N49>0),AND(G49-H49<0,L49-N49<0),AND(G49-H49=0,L49-N49=0)),L49>-1,N49>-1),1,0) -> 0 | R49: =IF(AND(G49=L49,H49=N49,L49>-1,G49>-1),3,0) -> 0 | S49: =Q49+R49 -> 0
A50: 41 | B50: 44896 | D50: Croacia | G50: 2 | H50: 2 | I50: Bélgica | L50: =OFICIAL!G45 -> 0 | M50: =OFICIAL!G45 -> 0 | N50: =OFICIAL!H45 -> 0 | O50: =OFICIAL!I45 -> Bélgica | Q50: =IF(AND(OR(AND(G50-H50>0,L50-N50>0),AND(G50-H50<0,L50-N50<0),AND(G50-H50=0,L50-N50=0)),L50>-1,N50>-1),1,0) -> 1 | R50: =IF(AND(G50=L50,H50=N50,L50>-1,G50>-1),3,0) -> 0 | S50: =Q50+R50 -> 1
A51: 42 | B51: 44896 | D51: Canadá | G51: 0 | H51: 0 | I51: Marruecos | L51: =OFICIAL!G46 -> 0 | M51: =OFICIAL!G46 -> 0 | N51: =OFICIAL!H46 -> 0 | O51: =OFICIAL!I46 -> Marruecos | Q51: =IF(AND(OR(AND(G51-H51>0,L51-N51>0),AND(G51-H51<0,L51-N51<0),AND(G51-H51=0,L51-N51=0)),L51>-1,N51>-1),1,0) -> 1 | R51: =IF(AND(G51=L51,H51=N51,L51>-1,G51>-1),3,0) -> 3 | S51: =Q51+R51 -> 4
A52: Grupo G
A53: 13 | B53: 44889 | D53: Suiza | G53: 2 | H53: 0 | I53: Camerún | L53: =OFICIAL!G48 -> 0 | M53: =OFICIAL!G48 -> 0 | N53: =OFICIAL!H48 -> 0 | O53: =OFICIAL!I48 -> Camerún | Q53: =IF(AND(OR(AND(G53-H53>0,L53-N53>0),AND(G53-H53<0,L53-N53<0),AND(G53-H53=0,L53-N53=0)),L53>-1,N53>-1),1,0) -> 0 | R53: =IF(AND(G53=L53,H53=N53,L53>-1,G53>-1),3,0) -> 0 | S53: =Q53+R53 -> 0
A54: 16 | B54: 44889 | D54: Brasil | G54: 3 | H54: 1 | I54: Serbia | L54: =OFICIAL!G49 -> 0 | M54: =OFICIAL!G49 -> 0 | N54: =OFICIAL!H49 -> 0 | O54: =OFICIAL!I49 -> Serbia | Q54: =IF(AND(OR(AND(G54-H54>0,L54-N54>0),AND(G54-H54<0,L54-N54<0),AND(G54-H54=0,L54-N54=0)),L54>-1,N54>-1),1,0) -> 0 | R54: =IF(AND(G54=L54,H54=N54,L54>-1,G54>-1),3,0) -> 0 | S54: =Q54+R54 -> 0
A55: 29 | B55: 44893 | D55: Camerún | G55: 2 | H55: 2 | I55: Serbia | L55: =OFICIAL!G50 -> 0 | M55: =OFICIAL!G50 -> 0 | N55: =OFICIAL!H50 -> 0 | O55: =OFICIAL!I50 -> Serbia | Q55: =IF(AND(OR(AND(G55-H55>0,L55-N55>0),AND(G55-H55<0,L55-N55<0),AND(G55-H55=0,L55-N55=0)),L55>-1,N55>-1),1,0) -> 1 | R55: =IF(AND(G55=L55,H55=N55,L55>-1,G55>-1),3,0) -> 0 | S55: =Q55+R55 -> 1
A56: 31 | B56: 44893 | D56: Brasil | G56: 2 | H56: 0 | I56: Suiza | L56: =OFICIAL!G51 -> 0 | M56: =OFICIAL!G51 -> 0 | N56: =OFICIAL!H51 -> 0 | O56: =OFICIAL!I51 -> Suiza | Q56: =IF(AND(OR(AND(G56-H56>0,L56-N56>0),AND(G56-H56<0,L56-N56<0),AND(G56-H56=0,L56-N56=0)),L56>-1,N56>-1),1,0) -> 0 | R56: =IF(AND(G56=L56,H56=N56,L56>-1,G56>-1),3,0) -> 0 | S56: =Q56+R56 -> 0
A57: 47 | B57: 44897 | D57: Serbia | G57: 1 | H57: 3 | I57: Suiza | L57: =OFICIAL!G52 -> 0 | M57: =OFICIAL!G52 -> 0 | N57: =OFICIAL!H52 -> 0 | O57: =OFICIAL!I52 -> Suiza | Q57: =IF(AND(OR(AND(G57-H57>0,L57-N57>0),AND(G57-H57<0,L57-N57<0),AND(G57-H57=0,L57-N57=0)),L57>-1,N57>-1),1,0) -> 0 | R57: =IF(AND(G57=L57,H57=N57,L57>-1,G57>-1),3,0) -> 0 | S57: =Q57+R57 -> 0
A58: 48 | B58: 44897 | D58: Camerún | G58: 0 | H58: 3 | I58: Brasil | L58: =OFICIAL!G53 -> 0 | M58: =OFICIAL!G53 -> 0 | N58: =OFICIAL!H53 -> 0 | O58: =OFICIAL!I53 -> Brasil | Q58: =IF(AND(OR(AND(G58-H58>0,L58-N58>0),AND(G58-H58<0,L58-N58<0),AND(G58-H58=0,L58-N58=0)),L58>-1,N58>-1),1,0) -> 0 | R58: =IF(AND(G58=L58,H58=N58,L58>-1,G58>-1),3,0) -> 0 | S58: =Q58+R58 -> 0
A59: Grupo H
A60: 14 | B60: 44889 | D60: Uruguay | G60: 3 | H60: 0 | I60: Corea del Sur | L60: =OFICIAL!G55 -> 0 | M60: =OFICIAL!G55 -> 0 | N60: =OFICIAL!H55 -> 0 | O60: =OFICIAL!I55 -> Corea del Sur | Q60: =IF(AND(OR(AND(G60-H60>0,L60-N60>0),AND(G60-H60<0,L60-N60<0),AND(G60-H60=0,L60-N60=0)),L60>-1,N60>-1),1,0) -> 0 | R60: =IF(AND(G60=L60,H60=N60,L60>-1,G60>-1),3,0) -> 0 | S60: =Q60+R60 -> 0
A61: 15 | B61: 44889 | D61: Portugal | G61: 2 | H61: 1 | I61: Ghana | L61: =OFICIAL!G56 -> 0 | M61: =OFICIAL!G56 -> 0 | N61: =OFICIAL!H56 -> 0 | O61: =OFICIAL!I56 -> Ghana | Q61: =IF(AND(OR(AND(G61-H61>0,L61-N61>0),AND(G61-H61<0,L61-N61<0),AND(G61-H61=0,L61-N61=0)),L61>-1,N61>-1),1,0) -> 0 | R61: =IF(AND(G61=L61,H61=N61,L61>-1,G61>-1),3,0) -> 0 | S61: =Q61+R61 -> 0
A62: 30 | B62: 44893 | D62: Corea delSur | G62: 2 | H62: 3 | I62: Ghana | L62: =OFICIAL!G57 -> 0 | M62: =OFICIAL!G57 -> 0 | N62: =OFICIAL!H57 -> 0 | O62: =OFICIAL!I57 -> Ghana | Q62: =IF(AND(OR(AND(G62-H62>0,L62-N62>0),AND(G62-H62<0,L62-N62<0),AND(G62-H62=0,L62-N62=0)),L62>-1,N62>-1),1,0) -> 0 | R62: =IF(AND(G62=L62,H62=N62,L62>-1,G62>-1),3,0) -> 0 | S62: =Q62+R62 -> 0
A63: 32 | B63: 44893 | D63: Portugal | G63: 1 | H63: 2 | I63: Uruguay | L63: =OFICIAL!G58 -> 0 | M63: =OFICIAL!G58 -> 0 | N63: =OFICIAL!H58 -> 0 | O63: =OFICIAL!I58 -> Uruguay | Q63: =IF(AND(OR(AND(G63-H63>0,L63-N63>0),AND(G63-H63<0,L63-N63<0),AND(G63-H63=0,L63-N63=0)),L63>-1,N63>-1),1,0) -> 0 | R63: =IF(AND(G63=L63,H63=N63,L63>-1,G63>-1),3,0) -> 0 | S63: =Q63+R63 -> 0
A64: 45 | B64: 44897 | D64: Corea delSur | G64: 0 | H64: 3 | I64: Portugal | L64: =OFICIAL!G59 -> 0 | M64: =OFICIAL!G59 -> 0 | N64: =OFICIAL!H59 -> 0 | O64: =OFICIAL!I59 -> Portugal | Q64: =IF(AND(OR(AND(G64-H64>0,L64-N64>0),AND(G64-H64<0,L64-N64<0),AND(G64-H64=0,L64-N64=0)),L64>-1,N64>-1),1,0) -> 0 | R64: =IF(AND(G64=L64,H64=N64,L64>-1,G64>-1),3,0) -> 0 | S64: =Q64+R64 -> 0
A65: 46 | B65: 44897 | D65: Ghana | G65: 0 | H65: 3 | I65: Uruguay | L65: =OFICIAL!G60 -> 0 | M65: =OFICIAL!G60 -> 0 | N65: =OFICIAL!H60 -> 0 | O65: =OFICIAL!I60 -> Uruguay | Q65: =IF(AND(OR(AND(G65-H65>0,L65-N65>0),AND(G65-H65<0,L65-N65<0),AND(G65-H65=0,L65-N65=0)),L65>-1,N65>-1),1,0) -> 0 | R65: =IF(AND(G65=L65,H65=N65,L65>-1,G65>-1),3,0) -> 0 | S65: =Q65+R65 -> 0
B68: TOTAL PUNTOS PRIMERA FASE | Q68: =SUM(S11:S65) -> 12
A70: OTRAS FASES | C70: (Marque con una X, cada fase
C71: que cree que superará cada selección)
A72: Fases | C72: 8F | D72: 4F | E72: SF | F72: F
A73: Equipos a marcar | C73: 16 | D73: 8 | E73: 4 | F73: 2 | S73: Total
A74: Puntos por acierto | C74: 1 | D74: 2 | E74: 5 | F74: 8 | L74: Pts
L75: 8F | M75: 4F | N75: SF | O75: F
A76: 1 | B76: Qatar | L76: =IF(AND(C76=OFICIAL!C70,OFICIAL!C70="X"),1,0) -> 0 | M76: =IF(AND(D76=OFICIAL!D70,OFICIAL!D70="X"),2,0) -> 0 | N76: =IF(AND(E76=OFICIAL!E70,OFICIAL!E70="X"),5,0) -> 0 | O76: =IF(AND(F76=OFICIAL!F70,OFICIAL!F70="X"),8,0) -> 0 | S76: =SUM(L76:O76) -> 0
A77: 2 | B77: Ecuador | C77: X | L77: =IF(AND(C77=OFICIAL!C71,OFICIAL!C71="X"),1,0) -> 0 | M77: =IF(AND(D77=OFICIAL!D71,OFICIAL!D71="X"),2,0) -> 0 | N77: =IF(AND(E77=OFICIAL!E71,OFICIAL!E71="X"),5,0) -> 0 | O77: =IF(AND(F77=OFICIAL!F71,OFICIAL!F71="X"),8,0) -> 0 | S77: =SUM(L77:O77) -> 0
A78: 3 | B78: Senegal | L78: =IF(AND(C78=OFICIAL!C72,OFICIAL!C72="X"),1,0) -> 0 | M78: =IF(AND(D78=OFICIAL!D72,OFICIAL!D72="X"),2,0) -> 0 | N78: =IF(AND(E78=OFICIAL!E72,OFICIAL!E72="X"),5,0) -> 0 | O78: =IF(AND(F78=OFICIAL!F72,OFICIAL!F72="X"),8,0) -> 0 | S78: =SUM(L78:O78) -> 0
A79: 4 | B79: Países Bajos | C79: X | D79: X | L79: =IF(AND(C79=OFICIAL!C73,OFICIAL!C73="X"),1,0) -> 0 | M79: =IF(AND(D79=OFICIAL!D73,OFICIAL!D73="X"),2,0) -> 0 | N79: =IF(AND(E79=OFICIAL!E73,OFICIAL!E73="X"),5,0) -> 0 | O79: =IF(AND(F79=OFICIAL!F73,OFICIAL!F73="X"),8,0) -> 0 | S79: =SUM(L79:O79) -> 0
A80: 5 | B80: Inglaterra | C80: X | D80: X | L80: =IF(AND(C80=OFICIAL!C74,OFICIAL!C74="X"),1,0) -> 0 | M80: =IF(AND(D80=OFICIAL!D74,OFICIAL!D74="X"),2,0) -> 0 | N80: =IF(AND(E80=OFICIAL!E74,OFICIAL!E74="X"),5,0) -> 0 | O80: =IF(AND(F80=OFICIAL!F74,OFICIAL!F74="X"),8,0) -> 0 | S80: =SUM(L80:O80) -> 0
A81: 6 | B81: Irán | L81: =IF(AND(C81=OFICIAL!C75,OFICIAL!C75="X"),1,0) -> 0 | M81: =IF(AND(D81=OFICIAL!D75,OFICIAL!D75="X"),2,0) -> 0 | N81: =IF(AND(E81=OFICIAL!E75,OFICIAL!E75="X"),5,0) -> 0 | O81: =IF(AND(F81=OFICIAL!F75,OFICIAL!F75="X"),8,0) -> 0 | S81: =SUM(L81:O81) -> 0
A82: 7 | B82: USA | C82: X | L82: =IF(AND(C82=OFICIAL!C76,OFICIAL!C76="X"),1,0) -> 0 | M82: =IF(AND(D82=OFICIAL!D76,OFICIAL!D76="X"),2,0) -> 0 | N82: =IF(AND(E82=OFICIAL!E76,OFICIAL!E76="X"),5,0) -> 0 | O82: =IF(AND(F82=OFICIAL!F76,OFICIAL!F76="X"),8,0) -> 0 | S82: =SUM(L82:O82) -> 0
A83: 8 | B83: Gales | L83: =IF(AND(C83=OFICIAL!C77,OFICIAL!C77="X"),1,0) -> 0 | M83: =IF(AND(D83=OFICIAL!D77,OFICIAL!D77="X"),2,0) -> 0 | N83: =IF(AND(E83=OFICIAL!E77,OFICIAL!E77="X"),5,0) -> 0 | O83: =IF(AND(F83=OFICIAL!F77,OFICIAL!F77="X"),8,0) -> 0 | S83: =SUM(L83:O83) -> 0
A84: 9 | B84: Argentina | C84: X | D84: X | E84: X | F84: X | L84: =IF(AND(C84=OFICIAL!C78,OFICIAL!C78="X"),1,0) -> 0 | M84: =IF(AND(D84=OFICIAL!D78,OFICIAL!D78="X"),2,0) -> 0 | N84: =IF(AND(E84=OFICIAL!E78,OFICIAL!E78="X"),5,0) -> 0 | O84: =IF(AND(F84=OFICIAL!F78,OFICIAL!F78="X"),8,0) -> 0 | S84: =SUM(L84:O84) -> 0
A85: 10 | B85: Arabia Saudí | L85: =IF(AND(C85=OFICIAL!C79,OFICIAL!C79="X"),1,0) -> 0 | M85: =IF(AND(D85=OFICIAL!D79,OFICIAL!D79="X"),2,0) -> 0 | N85: =IF(AND(E85=OFICIAL!E79,OFICIAL!E79="X"),5,0) -> 0 | O85: =IF(AND(F85=OFICIAL!F79,OFICIAL!F79="X"),8,0) -> 0 | S85: =SUM(L85:O85) -> 0
A86: 11 | B86: México | L86: =IF(AND(C86=OFICIAL!C80,OFICIAL!C80="X"),1,0) -> 0 | M86: =IF(AND(D86=OFICIAL!D80,OFICIAL!D80="X"),2,0) -> 0 | N86: =IF(AND(E86=OFICIAL!E80,OFICIAL!E80="X"),5,0) -> 0 | O86: =IF(AND(F86=OFICIAL!F80,OFICIAL!F80="X"),8,0) -> 0 | S86: =SUM(L86:O86) -> 0
A87: 12 | B87: Polonia | C87: X | L87: =IF(AND(C87=OFICIAL!C81,OFICIAL!C81="X"),1,0) -> 0 | M87: =IF(AND(D87=OFICIAL!D81,OFICIAL!D81="X"),2,0) -> 0 | N87: =IF(AND(E87=OFICIAL!E81,OFICIAL!E81="X"),5,0) -> 0 | O87: =IF(AND(F87=OFICIAL!F81,OFICIAL!F81="X"),8,0) -> 0 | S87: =SUM(L87:O87) -> 0
A88: 13 | B88: Francia | C88: X | D88: X | E88: X | F88: X | L88: =IF(AND(C88=OFICIAL!C82,OFICIAL!C82="X"),1,0) -> 0 | M88: =IF(AND(D88=OFICIAL!D82,OFICIAL!D82="X"),2,0) -> 0 | N88: =IF(AND(E88=OFICIAL!E82,OFICIAL!E82="X"),5,0) -> 0 | O88: =IF(AND(F88=OFICIAL!F82,OFICIAL!F82="X"),8,0) -> 0 | S88: =SUM(L88:O88) -> 0
A89: 14 | B89: Australia | L89: =IF(AND(C89=OFICIAL!C83,OFICIAL!C83="X"),1,0) -> 0 | M89: =IF(AND(D89=OFICIAL!D83,OFICIAL!D83="X"),2,0) -> 0 | N89: =IF(AND(E89=OFICIAL!E83,OFICIAL!E83="X"),5,0) -> 0 | O89: =IF(AND(F89=OFICIAL!F83,OFICIAL!F83="X"),8,0) -> 0 | S89: =SUM(L89:O89) -> 0
A90: 15 | B90: Dinamarca | C90: X | L90: =IF(AND(C90=OFICIAL!C84,OFICIAL!C84="X"),1,0) -> 0 | M90: =IF(AND(D90=OFICIAL!D84,OFICIAL!D84="X"),2,0) -> 0 | N90: =IF(AND(E90=OFICIAL!E84,OFICIAL!E84="X"),5,0) -> 0 | O90: =IF(AND(F90=OFICIAL!F84,OFICIAL!F84="X"),8,0) -> 0 | S90: =SUM(L90:O90) -> 0
A91: 16 | B91: Túnez | L91: =IF(AND(C91=OFICIAL!C85,OFICIAL!C85="X"),1,0) -> 0 | M91: =IF(AND(D91=OFICIAL!D85,OFICIAL!D85="X"),2,0) -> 0 | N91: =IF(AND(E91=OFICIAL!E85,OFICIAL!E85="X"),5,0) -> 0 | O91: =IF(AND(F91=OFICIAL!F85,OFICIAL!F85="X"),8,0) -> 0 | S91: =SUM(L91:O91) -> 0
A92: 17 | B92: España | C92: X | D92: X | E92: X | L92: =IF(AND(C92=OFICIAL!C86,OFICIAL!C86="X"),1,0) -> 0 | M92: =IF(AND(D92=OFICIAL!D86,OFICIAL!D86="X"),2,0) -> 0 | N92: =IF(AND(E92=OFICIAL!E86,OFICIAL!E86="X"),5,0) -> 0 | O92: =IF(AND(F92=OFICIAL!F86,OFICIAL!F86="X"),8,0) -> 0 | S92: =SUM(L92:O92) -> 0
A93: 18 | B93: Costa Rica | L93: =IF(AND(C93=OFICIAL!C87,OFICIAL!C87="X"),1,0) -> 0 | M93: =IF(AND(D93=OFICIAL!D87,OFICIAL!D87="X"),2,0) -> 0 | N93: =IF(AND(E93=OFICIAL!E87,OFICIAL!E87="X"),5,0) -> 0 | O93: =IF(AND(F93=OFICIAL!F87,OFICIAL!F87="X"),8,0) -> 0 | S93: =SUM(L93:O93) -> 0
A94: 19 | B94: Alemania | C94: X | D94: X | L94: =IF(AND(C94=OFICIAL!C88,OFICIAL!C88="X"),1,0) -> 0 | M94: =IF(AND(D94=OFICIAL!D88,OFICIAL!D88="X"),2,0) -> 0 | N94: =IF(AND(E94=OFICIAL!E88,OFICIAL!E88="X"),5,0) -> 0 | O94: =IF(AND(F94=OFICIAL!F88,OFICIAL!F88="X"),8,0) -> 0 | S94: =SUM(L94:O94) -> 0
A95: 20 | B95: Japón | L95: =IF(AND(C95=OFICIAL!C89,OFICIAL!C89="X"),1,0) -> 0 | M95: =IF(AND(D95=OFICIAL!D89,OFICIAL!D89="X"),2,0) -> 0 | N95: =IF(AND(E95=OFICIAL!E89,OFICIAL!E89="X"),5,0) -> 0 | O95: =IF(AND(F95=OFICIAL!F89,OFICIAL!F89="X"),8,0) -> 0 | S95: =SUM(L95:O95) -> 0
A96: 21 | B96: Bélgica | C96: X | L96: =IF(AND(C96=OFICIAL!C90,OFICIAL!C90="X"),1,0) -> 0 | M96: =IF(AND(D96=OFICIAL!D90,OFICIAL!D90="X"),2,0) -> 0 | N96: =IF(AND(E96=OFICIAL!E90,OFICIAL!E90="X"),5,0) -> 0 | O96: =IF(AND(F96=OFICIAL!F90,OFICIAL!F90="X"),8,0) -> 0 | S96: =SUM(L96:O96) -> 0
A97: 22 | B97: Canadá | L97: =IF(AND(C97=OFICIAL!C91,OFICIAL!C91="X"),1,0) -> 0 | M97: =IF(AND(D97=OFICIAL!D91,OFICIAL!D91="X"),2,0) -> 0 | N97: =IF(AND(E97=OFICIAL!E91,OFICIAL!E91="X"),5,0) -> 0 | O97: =IF(AND(F97=OFICIAL!F91,OFICIAL!F91="X"),8,0) -> 0 | S97: =SUM(L97:O97) -> 0
A98: 23 | B98: Marruecos | L98: =IF(AND(C98=OFICIAL!C92,OFICIAL!C92="X"),1,0) -> 0 | M98: =IF(AND(D98=OFICIAL!D92,OFICIAL!D92="X"),2,0) -> 0 | N98: =IF(AND(E98=OFICIAL!E92,OFICIAL!E92="X"),5,0) -> 0 | O98: =IF(AND(F98=OFICIAL!F92,OFICIAL!F92="X"),8,0) -> 0 | S98: =SUM(L98:O98) -> 0
A99: 24 | B99: Croacia | C99: X | L99: =IF(AND(C99=OFICIAL!C93,OFICIAL!C93="X"),1,0) -> 0 | M99: =IF(AND(D99=OFICIAL!D93,OFICIAL!D93="X"),2,0) -> 0 | N99: =IF(AND(E99=OFICIAL!E93,OFICIAL!E93="X"),5,0) -> 0 | O99: =IF(AND(F99=OFICIAL!F93,OFICIAL!F93="X"),8,0) -> 0 | S99: =SUM(L99:O99) -> 0
A100: 25 | B100: Brasil | C100: X | D100: X | E100: X | L100: =IF(AND(C100=OFICIAL!C94,OFICIAL!C94="X"),1,0) -> 0 | M100: =IF(AND(D100=OFICIAL!D94,OFICIAL!D94="X"),2,0) -> 0 | N100: =IF(AND(E100=OFICIAL!E94,OFICIAL!E94="X"),5,0) -> 0 | O100: =IF(AND(F100=OFICIAL!F94,OFICIAL!F94="X"),8,0) -> 0 | S100: =SUM(L100:O100) -> 0
A101: 26 | B101: Serbia | L101: =IF(AND(C101=OFICIAL!C95,OFICIAL!C95="X"),1,0) -> 0 | M101: =IF(AND(D101=OFICIAL!D95,OFICIAL!D95="X"),2,0) -> 0 | N101: =IF(AND(E101=OFICIAL!E95,OFICIAL!E95="X"),5,0) -> 0 | O101: =IF(AND(F101=OFICIAL!F95,OFICIAL!F95="X"),8,0) -> 0 | S101: =SUM(L101:O101) -> 0
A102: 27 | B102: Suiza | C102: X | L102: =IF(AND(C102=OFICIAL!C96,OFICIAL!C96="X"),1,0) -> 0 | M102: =IF(AND(D102=OFICIAL!D96,OFICIAL!D96="X"),2,0) -> 0 | N102: =IF(AND(E102=OFICIAL!E96,OFICIAL!E96="X"),5,0) -> 0 | O102: =IF(AND(F102=OFICIAL!F96,OFICIAL!F96="X"),8,0) -> 0 | S102: =SUM(L102:O102) -> 0
A103: 28 | B103: Camerún | L103: =IF(AND(C103=OFICIAL!C97,OFICIAL!C97="X"),1,0) -> 0 | M103: =IF(AND(D103=OFICIAL!D97,OFICIAL!D97="X"),2,0) -> 0 | N103: =IF(AND(E103=OFICIAL!E97,OFICIAL!E97="X"),5,0) -> 0 | O103: =IF(AND(F103=OFICIAL!F97,OFICIAL!F97="X"),8,0) -> 0 | S103: =SUM(L103:O103) -> 0
A104: 29 | B104: Portugal | C104: X | L104: =IF(AND(C104=OFICIAL!C98,OFICIAL!C98="X"),1,0) -> 0 | M104: =IF(AND(D104=OFICIAL!D98,OFICIAL!D98="X"),2,0) -> 0 | N104: =IF(AND(E104=OFICIAL!E98,OFICIAL!E98="X"),5,0) -> 0 | O104: =IF(AND(F104=OFICIAL!F98,OFICIAL!F98="X"),8,0) -> 0 | S104: =SUM(L104:O104) -> 0
A105: 30 | B105: Ghana | L105: =IF(AND(C105=OFICIAL!C99,OFICIAL!C99="X"),1,0) -> 0 | M105: =IF(AND(D105=OFICIAL!D99,OFICIAL!D99="X"),2,0) -> 0 | N105: =IF(AND(E105=OFICIAL!E99,OFICIAL!E99="X"),5,0) -> 0 | O105: =IF(AND(F105=OFICIAL!F99,OFICIAL!F99="X"),8,0) -> 0 | S105: =SUM(L105:O105) -> 0
...

Sheet AHG
B1: MUNDIAL DE FÚTBOL QATAR 2022 | O1: Premios | Q1: 1 Puesto | S1: 0.7
B2: Escribir solo en las cajas | E2: VERDES | L2: 5 | M2: E | Q2: 2 Puesto | S2: 0.2
B3: No toque ni re formatee nada | Q3: 3 Puesto | S3: 0.1
B5: PARTICIPANTE: | C5: Álvaro Hernández | L5: Resultado: 1 Pt | Q5: No tocar Columnas
L6: Exacto: 4 Pts | Q6: Naranjas
A8: Partido | B8: Fecha | G8: Resultado | L8: Resultado | Q8: Pts
G9: Suyo | L9: Real | Q9: Resu | R9: Exac | S9: Total
A10: Grupo A
A11: 1 | B11: 44885 | D11: Qatar | G11: 0 | H11: 0 | I11: Ecuador | L11: =[1]OFICIAL!G6 -> 0 | M11: =[1]OFICIAL!G6 -> 0 | N11: =[1]OFICIAL!H6 -> 0 | O11: =[1]OFICIAL!I6 -> Ecuador | Q11: =IF(AND(OR(AND(G11-H11>0,L11-N11>0),AND(G11-H11<0,L11-N11<0),AND(G11-H11=0,L11-N11=0)),L11>-1,N11>-1),1,0) -> 1 | R11: =IF(AND(G11=L11,H11=N11,L11>-1,G11>-1),3,0) -> 3 | S11: =Q11+R11 -> 4
A12: 3 | B12: 44886 | D12: Senegal | G12: 2 | H12: 2 | I12: Países Bajos | L12: =[1]OFICIAL!G7 -> 0 | M12: =[1]OFICIAL!G7 -> 0 | N12: =[1]OFICIAL!H7 -> 0 | O12: =[1]OFICIAL!I7 -> Países Bajos | Q12: =IF(AND(OR(AND(G12-H12>0,L12-N12>0),AND(G12-H12<0,L12-N12<0),AND(G12-H12=0,L12-N12=0)),L12>-1,N12>-1),1,0) -> 1 | R12: =IF(AND(G12=L12,H12=N12,L12>-1,G12>-1),3,0) -> 0 | S12: =Q12+R12 -> 1
A13: 18 | B13: 44890 | D13: Qatar | G13: 1 | H13: 2 | I13: Senegal | L13: =[1]OFICIAL!G8 -> 0 | M13: =[1]OFICIAL!G8 -> 0 | N13: =[1]OFICIAL!H8 -> 0 | O13: =[1]OFICIAL!I8 -> Senegal | Q13: =IF(AND(OR(AND(G13-H13>0,L13-N13>0),AND(G13-H13<0,L13-N13<0),AND(G13-H13=0,L13-N13=0)),L13>-1,N13>-1),1,0) -> 0 | R13: =IF(AND(G13=L13,H13=N13,L13>-1,G13>-1),3,0) -> 0 | S13: =Q13+R13 -> 0
A14: 19 | B14: 44890 | D14: Países Bajos | G14: 1 | H14: 0 | I14: Ecuador | L14: =[1]OFICIAL!G9 -> 0 | M14: =[1]OFICIAL!G9 -> 0 | N14: =[1]OFICIAL!H9 -> 0 | O14: =[1]OFICIAL!I9 -> Ecuador | Q14: =IF(AND(OR(AND(G14-H14>0,L14-N14>0),AND(G14-H14<0,L14-N14<0),AND(G14-H14=0,L14-N14=0)),L14>-1,N14>-1),1,0) -> 0 | R14: =IF(AND(G14=L14,H14=N14,L14>-1,G14>-1),3,0) -> 0 | S14: =Q14+R14 -> 0
A15: 33 | B15: 44894 | D15: Países Bajos | G15: 2 | H15: 0 | I15: Qatar | L15: =[1]OFICIAL!G10 -> 0 | M15: =[1]OFICIAL!G10 -> 0 | N15: =[1]OFICIAL!H10 -> 0 | O15: =[1]OFICIAL!I10 -> Qatar | Q15: =IF(AND(OR(AND(G15-H15>0,L15-N15>0),AND(G15-H15<0,L15-N15<0),AND(G15-H15=0,L15-N15=0)),L15>-1,N15>-1),1,0) -> 0 | R15: =IF(AND(G15=L15,H15=N15,L15>-1,G15>-1),3,0) -> 0 | S15: =Q15+R15 -> 0
A16: 34 | B16: 44894 | D16: Ecuador | G16: 1 | H16: 1 | I16: Senegal | L16: =[1]OFICIAL!G11 -> 0 | M16: =[1]OFICIAL!G11 -> 0 | N16: =[1]OFICIAL!H11 -> 0 | O16: =[1]OFICIAL!I11 -> Senegal | Q16: =IF(AND(OR(AND(G16-H16>0,L16-N16>0),AND(G16-H16<0,L16-N16<0),AND(G16-H16=0,L16-N16=0)),L16>-1,N16>-1),1,0) -> 1 | R16: =IF(AND(G16=L16,H16=N16,L16>-1,G16>-1),3,0) -> 0 | S16: =Q16+R16 -> 1
A17: Grupo B
A18: 2 | B18: 44886 | D18: Inglaterra | G18: 1 | H18: 0 | I18: Irán | L18: =[1]OFICIAL!G13 -> 0 | M18: =[1]OFICIAL!G13 -> 0 | N18: =[1]OFICIAL!H13 -> 0 | O18: =[1]OFICIAL!I13 -> Irán | Q18: =IF(AND(OR(AND(G18-H18>0,L18-N18>0),AND(G18-H18<0,L18-N18<0),AND(G18-H18=0,L18-N18=0)),L18>-1,N18>-1),1,0) -> 0 | R18: =IF(AND(G18=L18,H18=N18,L18>-1,G18>-1),3,0) -> 0 | S18: =Q18+R18 -> 0
A19: 4 | B19: 44886 | D19: USA | G19: 2 | H19: 0 | I19: Gales | L19: =[1]OFICIAL!G14 -> 0 | M19: =[1]OFICIAL!G14 -> 0 | N19: =[1]OFICIAL!H14 -> 0 | O19: =[1]OFICIAL!I14 -> Gales | Q19: =IF(AND(OR(AND(G19-H19>0,L19-N19>0),AND(G19-H19<0,L19-N19<0),AND(G19-H19=0,L19-N19=0)),L19>-1,N19>-1),1,0) -> 0 | R19: =IF(AND(G19=L19,H19=N19,L19>-1,G19>-1),3,0) -> 0 | S19: =Q19+R19 -> 0
A20: 17 | B20: 44890 | D20: Gales | G20: 0 | H20: 1 | I20: Irán | L20: =[1]OFICIAL!G15 -> 0 | M20: =[1]OFICIAL!G15 -> 0 | N20: =[1]OFICIAL!H15 -> 0 | O20: =[1]OFICIAL!I15 -> Irán | Q20: =IF(AND(OR(AND(G20-H20>0,L20-N20>0),AND(G20-H20<0,L20-N20<0),AND(G20-H20=0,L20-N20=0)),L20>-1,N20>-1),1,0) -> 0 | R20: =IF(AND(G20=L20,H20=N20,L20>-1,G20>-1),3,0) -> 0 | S20: =Q20+R20 -> 0
A21: 20 | B21: 44890 | D21: Inglaterra | G21: 2 | H21: 2 | I21: USA | L21: =[1]OFICIAL!G16 -> 0 | M21: =[1]OFICIAL!G16 -> 0 | N21: =[1]OFICIAL!H16 -> 0 | O21: =[1]OFICIAL!I16 -> USA | Q21: =IF(AND(OR(AND(G21-H21>0,L21-N21>0),AND(G21-H21<0,L21-N21<0),AND(G21-H21=0,L21-N21=0)),L21>-1,N21>-1),1,0) -> 1 | R21: =IF(AND(G21=L21,H21=N21,L21>-1,G21>-1),3,0) -> 0 | S21: =Q21+R21 -> 1
A22: 35 | B22: 44894 | D22: Gales | G22: 1 | H22: 3 | I22: Inglaterra | L22: =[1]OFICIAL!G17 -> 0 | M22: =[1]OFICIAL!G17 -> 0 | N22: =[1]OFICIAL!H17 -> 0 | O22: =[1]OFICIAL!I17 -> Inglaterra | Q22: =IF(AND(OR(AND(G22-H22>0,L22-N22>0),AND(G22-H22<0,L22-N22<0),AND(G22-H22=0,L22-N22=0)),L22>-1,N22>-1),1,0) -> 0 | R22: =IF(AND(G22=L22,H22=N22,L22>-1,G22>-1),3,0) -> 0 | S22: =Q22+R22 -> 0
A23: 36 | B23: 44894 | D23: Irán | G23: 1 | H23: 2 | I23: USA | L23: =[1]OFICIAL!G18 -> 0 | M23: =[1]OFICIAL!G18 -> 0 | N23: =[1]OFICIAL!H18 -> 0 | O23: =[1]OFICIAL!I18 -> USA | Q23: =IF(AND(OR(AND(G23-H23>0,L23-N23>0),AND(G23-H23<0,L23-N23<0),AND(G23-H23=0,L23-N23=0)),L23>-1,N23>-1),1,0) -> 0 | R23: =IF(AND(G23=L23,H23=N23,L23>-1,G23>-1),3,0) -> 0 | S23: =Q23+R23 -> 0
A24: Grupo C
A25: 5 | B25: 44887 | D25: Argentina | G25: 3 | H25: 0 | I25: Arabia Saudí | L25: =[1]OFICIAL!G20 -> 0 | M25: =[1]OFICIAL!G20 -> 0 | N25: =[1]OFICIAL!H20 -> 0 | O25: =[1]OFICIAL!I20 -> Arabia Saudí | Q25: =IF(AND(OR(AND(G25-H25>0,L25-N25>0),AND(G25-H25<0,L25-N25<0),AND(G25-H25=0,L25-N25=0)),L25>-1,N25>-1),1,0) -> 0 | R25: =IF(AND(G25=L25,H25=N25,L25>-1,G25>-1),3,0) -> 0 | S25: =Q25+R25 -> 0
A26: 7 | B26: 44887 | D26: México | G26: 2 | H26: 1 | I26: Polonia | L26: =[1]OFICIAL!G21 -> 0 | M26: =[1]OFICIAL!G21 -> 0 | N26: =[1]OFICIAL!H21 -> 0 | O26: =[1]OFICIAL!I21 -> Polonia | Q26: =IF(AND(OR(AND(G26-H26>0,L26-N26>0),AND(G26-H26<0,L26-N26<0),AND(G26-H26=0,L26-N26=0)),L26>-1,N26>-1),1,0) -> 0 | R26: =IF(AND(G26=L26,H26=N26,L26>-1,G26>-1),3,0) -> 0 | S26: =Q26+R26 -> 0
A27: 22 | B27: 44891 | D27: Polonia | G27: 2 | H27: 0 | I27: Arabia Saudí | L27: =[1]OFICIAL!G22 -> 0 | M27: =[1]OFICIAL!G22 -> 0 | N27: =[1]OFICIAL!H22 -> 0 | O27: =[1]OFICIAL!I22 -> Arabia Saudí | Q27: =IF(AND(OR(AND(G27-H27>0,L27-N27>0),AND(G27-H27<0,L27-N27<0),AND(G27-H27=0,L27-N27=0)),L27>-1,N27>-1),1,0) -> 0 | R27: =IF(AND(G27=L27,H27=N27,L27>-1,G27>-1),3,0) -> 0 | S27: =Q27+R27 -> 0
A28: 24 | B28: 44891 | D28: Argentina | G28: 2 | H28: 1 | I28: México | L28: =[1]OFICIAL!G23 -> 0 | M28: =[1]OFICIAL!G23 -> 0 | N28: =[1]OFICIAL!H23 -> 0 | O28: =[1]OFICIAL!I23 -> México | Q28: =IF(AND(OR(AND(G28-H28>0,L28-N28>0),AND(G28-H28<0,L28-N28<0),AND(G28-H28=0,L28-N28=0)),L28>-1,N28>-1),1,0) -> 0 | R28: =IF(AND(G28=L28,H28=N28,L28>-1,G28>-1),3,0) -> 0 | S28: =Q28+R28 -> 0
A29: 39 | B29: 44895 | D29: Arabia Saudí | G29: 0 | H29: 2 | I29: México | L29: =[1]OFICIAL!G24 -> 0 | M29: =[1]OFICIAL!G24 -> 0 | N29: =[1]OFICIAL!H24 -> 0 | O29: =[1]OFICIAL!I24 -> México | Q29: =IF(AND(OR(AND(G29-H29>0,L29-N29>0),AND(G29-H29<0,L29-N29<0),AND(G29-H29=0,L29-N29=0)),L29>-1,N29>-1),1,0) -> 0 | R29: =IF(AND(G29=L29,H29=N29,L29>-1,G29>-1),3,0) -> 0 | S29: =Q29+R29 -> 0
A30: 40 | B30: 44895 | D30: Polonia | G30: 0 | H30: 2 | I30: Argentina | L30: =[1]OFICIAL!G25 -> 0 | M30: =[1]OFICIAL!G25 -> 0 | N30: =[1]OFICIAL!H25 -> 0 | O30: =[1]OFICIAL!I25 -> Argentina | Q30: =IF(AND(OR(AND(G30-H30>0,L30-N30>0),AND(G30-H30<0,L30-N30<0),AND(G30-H30=0,L30-N30=0)),L30>-1,N30>-1),1,0) -> 0 | R30: =IF(AND(G30=L30,H30=N30,L30>-1,G30>-1),3,0) -> 0 | S30: =Q30+R30 -> 0
A31: Grupo D
A32: 6 | B32: 44887 | D32: Dinamarca | G32: 2 | H32: 0 | I32: Túnez | L32: =[1]OFICIAL!G27 -> 0 | M32: =[1]OFICIAL!G27 -> 0 | N32: =[1]OFICIAL!H27 -> 0 | O32: =[1]OFICIAL!I27 -> Túnez | Q32: =IF(AND(OR(AND(G32-H32>0,L32-N32>0),AND(G32-H32<0,L32-N32<0),AND(G32-H32=0,L32-N32=0)),L32>-1,N32>-1),1,0) -> 0 | R32: =IF(AND(G32=L32,H32=N32,L32>-1,G32>-1),3,0) -> 0 | S32: =Q32+R32 -> 0
A33: 8 | B33: 44887 | D33: Francia | G33: 3 | H33: 1 | I33: Australia | L33: =[1]OFICIAL!G28 -> 0 | M33: =[1]OFICIAL!G28 -> 0 | N33: =[1]OFICIAL!H28 -> 0 | O33: =[1]OFICIAL!I28 -> Australia | Q33: =IF(AND(OR(AND(G33-H33>0,L33-N33>0),AND(G33-H33<0,L33-N33<0),AND(G33-H33=0,L33-N33=0)),L33>-1,N33>-1),1,0) -> 0 | R33: =IF(AND(G33=L33,H33=N33,L33>-1,G33>-1),3,0) -> 0 | S33: =Q33+R33 -> 0
A34: 21 | B34: 44891 | D34: Túnez | G34: 1 | H34: 1 | I34: Australia | L34: =[1]OFICIAL!G29 -> 0 | M34: =[1]OFICIAL!G29 -> 0 | N34: =[1]OFICIAL!H29 -> 0 | O34: =[1]OFICIAL!I29 -> Australia | Q34: =IF(AND(OR(AND(G34-H34>0,L34-N34>0),AND(G34-H34<0,L34-N34<0),AND(G34-H34=0,L34-N34=0)),L34>-1,N34>-1),1,0) -> 1 | R34: =IF(AND(G34=L34,H34=N34,L34>-1,G34>-1),3,0) -> 0 | S34: =Q34+R34 -> 1
A35: 23 | B35: 44891 | D35: Francia | G35: 2 | H35: 0 | I35: Dinamarca | L35: =[1]OFICIAL!G30 -> 0 | M35: =[1]OFICIAL!G30 -> 0 | N35: =[1]OFICIAL!H30 -> 0 | O35: =[1]OFICIAL!I30 -> Dinamarca | Q35: =IF(AND(OR(AND(G35-H35>0,L35-N35>0),AND(G35-H35<0,L35-N35<0),AND(G35-H35=0,L35-N35=0)),L35>-1,N35>-1),1,0) -> 0 | R35: =IF(AND(G35=L35,H35=N35,L35>-1,G35>-1),3,0) -> 0 | S35: =Q35+R35 -> 0
A36: 37 | B36: 44895 | D36: Túnez | G36: 2 | H36: 2 | I36: Francia | L36: =[1]OFICIAL!G31 -> 0 | M36: =[1]OFICIAL!G31 -> 0 | N36: =[1]OFICIAL!H31 -> 0 | O36: =[1]OFICIAL!I31 -> Francia | Q36: =IF(AND(OR(AND(G36-H36>0,L36-N36>0),AND(G36-H36<0,L36-N36<0),AND(G36-H36=0,L36-N36=0)),L36>-1,N36>-1),1,0) -> 1 | R36: =IF(AND(G36=L36,H36=N36,L36>-1,G36>-1),3,0) -> 0 | S36: =Q36+R36 -> 1
A37: 38 | B37: 44895 | D37: Australia | G37: 0 | H37: 2 | I37: Dinamarca | L37: =[1]OFICIAL!G32 -> 0 | M37: =[1]OFICIAL!G32 -> 0 | N37: =[1]OFICIAL!H32 -> 0 | O37: =[1]OFICIAL!I32 -> Dinamarca | Q37: =IF(AND(OR(AND(G37-H37>0,L37-N37>0),AND(G37-H37<0,L37-N37<0),AND(G37-H37=0,L37-N37=0)),L37>-1,N37>-1),1,0) -> 0 | R37: =IF(AND(G37=L37,H37=N37,L37>-1,G37>-1),3,0) -> 0 | S37: =Q37+R37 -> 0
A38: Grupo E
A39: 10 | B39: 44888 | D39: Alemania | G39: 1 | H39: 0 | I39: Japón | L39: =[1]OFICIAL!G34 -> 0 | M39: =[1]OFICIAL!G34 -> 0 | N39: =[1]OFICIAL!H34 -> 0 | O39: =[1]OFICIAL!I34 -> Japón | Q39: =IF(AND(OR(AND(G39-H39>0,L39-N39>0),AND(G39-H39<0,L39-N39<0),AND(G39-H39=0,L39-N39=0)),L39>-1,N39>-1),1,0) -> 0 | R39: =IF(AND(G39=L39,H39=N39,L39>-1,G39>-1),3,0) -> 0 | S39: =Q39+R39 -> 0
A40: 11 | B40: 44888 | D40: España | G40: 1 | H40: 0 | I40: Costa Rica | L40: =[1]OFICIAL!G35 -> 0 | M40: =[1]OFICIAL!G35 -> 0 | N40: =[1]OFICIAL!H35 -> 0 | O40: =[1]OFICIAL!I35 -> Costa Rica | Q40: =IF(AND(OR(AND(G40-H40>0,L40-N40>0),AND(G40-H40<0,L40-N40<0),AND(G40-H40=0,L40-N40=0)),L40>-1,N40>-1),1,0) -> 0 | R40: =IF(AND(G40=L40,H40=N40,L40>-1,G40>-1),3,0) -> 0 | S40: =Q40+R40 -> 0
A41: 25 | B41: 44892 | D41: Japón | G41: 1 | H41: 1 | I41: Costa Rica | L41: =[1]OFICIAL!G36 -> 0 | M41: =[1]OFICIAL!G36 -> 0 | N41: =[1]OFICIAL!H36 -> 0 | O41: =[1]OFICIAL!I36 -> Costa Rica | Q41: =IF(AND(OR(AND(G41-H41>0,L41-N41>0),AND(G41-H41<0,L41-N41<0),AND(G41-H41=0,L41-N41=0)),L41>-1,N41>-1),1,0) -> 1 | R41: =IF(AND(G41=L41,H41=N41,L41>-1,G41>-1),3,0) -> 0 | S41: =Q41+R41 -> 1
A42: 28 | B42: 44892 | D42: España | G42: 0 | H42: 2 | I42: Alemania | L42: =[1]OFICIAL!G37 -> 0 | M42: =[1]OFICIAL!G37 -> 0 | N42: =[1]OFICIAL!H37 -> 0 | O42: =[1]OFICIAL!I37 -> Alemania | Q42: =IF(AND(OR(AND(G42-H42>0,L42-N42>0),AND(G42-H42<0,L42-N42<0),AND(G42-H42=0,L42-N42=0)),L42>-1,N42>-1),1,0) -> 0 | R42: =IF(AND(G42=L42,H42=N42,L42>-1,G42>-1),3,0) -> 0 | S42: =Q42+R42 -> 0
A43: 43 | B43: 44896 | D43: Japón | G43: 1 | H43: 2 | I43: España | L43: =[1]OFICIAL!G38 -> 0 | M43: =[1]OFICIAL!G38 -> 0 | N43: =[1]OFICIAL!H38 -> 0 | O43: =[1]OFICIAL!I38 -> España | Q43: =IF(AND(OR(AND(G43-H43>0,L43-N43>0),AND(G43-H43<0,L43-N43<0),AND(G43-H43=0,L43-N43=0)),L43>-1,N43>-1),1,0) -> 0 | R43: =IF(AND(G43=L43,H43=N43,L43>-1,G43>-1),3,0) -> 0 | S43: =Q43+R43 -> 0
A44: 44 | B44: 44896 | D44: Costa Rica | G44: 1 | H44: 2 | I44: Alemania | L44: =[1]OFICIAL!G39 -> 0 | M44: =[1]OFICIAL!G39 -> 0 | N44: =[1]OFICIAL!H39 -> 0 | O44: =[1]OFICIAL!I39 -> Alemania | Q44: =IF(AND(OR(AND(G44-H44>0,L44-N44>0),AND(G44-H44<0,L44-N44<0),AND(G44-H44=0,L44-N44=0)),L44>-1,N44>-1),1,0) -> 0 | R44: =IF(AND(G44=L44,H44=N44,L44>-1,G44>-1),3,0) -> 0 | S44: =Q44+R44 -> 0
A45: Grupo F
A46: 9 | B46: 44888 | D46: Marruecos | G46: 1 | H46: 2 | I46: Croacia | L46: =[1]OFICIAL!G41 -> 0 | M46: =[1]OFICIAL!G41 -> 0 | N46: =[1]OFICIAL!H41 -> 0 | O46: =[1]OFICIAL!I41 -> Croacia | Q46: =IF(AND(OR(AND(G46-H46>0,L46-N46>0),AND(G46-H46<0,L46-N46<0),AND(G46-H46=0,L46-N46=0)),L46>-1,N46>-1),1,0) -> 0 | R46: =IF(AND(G46=L46,H46=N46,L46>-1,G46>-1),3,0) -> 0 | S46: =Q46+R46 -> 0
A47: 12 | B47: 44888 | D47: Bélgica | G47: 2 | H47: 0 | I47: Canadá | L47: =[1]OFICIAL!G42 -> 0 | M47: =[1]OFICIAL!G42 -> 0 | N47: =[1]OFICIAL!H42 -> 0 | O47: =[1]OFICIAL!I42 -> Canadá | Q47: =IF(AND(OR(AND(G47-H47>0,L47-N47>0),AND(G47-H47<0,L47-N47<0),AND(G47-H47=0,L47-N47=0)),L47>-1,N47>-1),1,0) -> 0 | R47: =IF(AND(G47=L47,H47=N47,L47>-1,G47>-1),3,0) -> 0 | S47: =Q47+R47 -> 0
A48: 26 | B48: 44892 | D48: Bélgica | G48: 1 | H48: 1 | I48: Marruecos | L48: =[1]OFICIAL!G43 -> 0 | M48: =[1]OFICIAL!G43 -> 0 | N48: =[1]OFICIAL!H43 -> 0 | O48: =[1]OFICIAL!I43 -> Marruecos | Q48: =IF(AND(OR(AND(G48-H48>0,L48-N48>0),AND(G48-H48<0,L48-N48<0),AND(G48-H48=0,L48-N48=0)),L48>-1,N48>-1),1,0) -> 1 | R48: =IF(AND(G48=L48,H48=N48,L48>-1,G48>-1),3,0) -> 0 | S48: =Q48+R48 -> 1
A49: 27 | B49: 44892 | D49: Croacia | G49: 2 | H49: 0 | I49: Canadá | L49: =[1]OFICIAL!G44 -> 0 | M49: =[1]OFICIAL!G44 -> 0 | N49: =[1]OFICIAL!H44 -> 0 | O49: =[1]OFICIAL!I44 -> Canadá | Q49: =IF(AND(OR(AND(G49-H49>0,L49-N49>0),AND(G49-H49<0,L49-N49<0),AND(G49-H49=0,L49-N49=0)),L49>-1,N49>-1),1,0) -> 0 | R49: =IF(AND(G49=L49,H49=N49,L49>-1,G49>-1),3,0) -> 0 | S49: =Q49+R49 -> 0
A50: 41 | B50: 44896 | D50: Croacia | G50: 1 | H50: 1 | I50: Bélgica | L50: =[1]OFICIAL!G45 -> 0 | M50: =[1]OFICIAL!G45 -> 0 | N50: =[1]OFICIAL!H45 -> 0 | O50: =[1]OFICIAL!I45 -> Bélgica | Q50: =IF(AND(OR(AND(G50-H50>0,L50-N50>0),AND(G50-H50<0,L50-N50<0),AND(G50-H50=0,L50-N50=0)),L50>-1,N50>-1),1,0) -> 1 | R50: =IF(AND(G50=L50,H50=N50,L50>-1,G50>-1),3,0) -> 0 | S50: =Q50+R50 -> 1
A51: 42 | B51: 44896 | D51: Canadá | G51: 1 | H51: 1 | I51: Marruecos | L51: =[1]OFICIAL!G46 -> 0 | M51: =[1]OFICIAL!G46 -> 0 | N51: =[1]OFICIAL!H46 -> 0 | O51: =[1]OFICIAL!I46 -> Marruecos | Q51: =IF(AND(OR(AND(G51-H51>0,L51-N51>0),AND(G51-H51<0,L51-N51<0),AND(G51-H51=0,L51-N51=0)),L51>-1,N51>-1),1,0) -> 1 | R51: =IF(AND(G51=L51,H51=N51,L51>-1,G51>-1),3,0) -> 0 | S51: =Q51+R51 -> 1
A52: Grupo G
A53: 13 | B53: 44889 | D53: Suiza | G53: 1 | H53: 0 | I53: Camerún | L53: =[1]OFICIAL!G48 -> 0 | M53: =[1]OFICIAL!G48 -> 0 | N53: =[1]OFICIAL!H48 -> 0 | O53: =[1]OFICIAL!I48 -> Camerún | Q53: =IF(AND(OR(AND(G53-H53>0,L53-N53>0),AND(G53-H53<0,L53-N53<0),AND(G53-H53=0,L53-N53=0)),L53>-1,N53>-1),1,0) -> 0 | R53: =IF(AND(G53=L53,H53=N53,L53>-1,G53>-1),3,0) -> 0 | S53: =Q53+R53 -> 0
A54: 16 | B54: 44889 | D54: Brasil | G54: 3 | H54: 1 | I54: Serbia | L54: =[1]OFICIAL!G49 -> 0 | M54: =[1]OFICIAL!G49 -> 0 | N54: =[1]OFICIAL!H49 -> 0 | O54: =[1]OFICIAL!I49 -> Serbia | Q54: =IF(AND(OR(AND(G54-H54>0,L54-N54>0),AND(G54-H54<0,L54-N54<0),AND(G54-H54=0,L54-N54=0)),L54>-1,N54>-1),1,0) -> 0 | R54: =IF(AND(G54=L54,H54=N54,L54>-1,G54>-1),3,0) -> 0 | S54: =Q54+R54 -> 0
A55: 29 | B55: 44893 | D55: Camerún | G55: 0 | H55: 0 | I55: Serbia | L55: =[1]OFICIAL!G50 -> 0 | M55: =[1]OFICIAL!G50 -> 0 | N55: =[1]OFICIAL!H50 -> 0 | O55: =[1]OFICIAL!I50 -> Serbia | Q55: =IF(AND(OR(AND(G55-H55>0,L55-N55>0),AND(G55-H55<0,L55-N55<0),AND(G55-H55=0,L55-N55=0)),L55>-1,N55>-1),1,0) -> 1 | R55: =IF(AND(G55=L55,H55=N55,L55>-1,G55>-1),3,0) -> 3 | S55: =Q55+R55 -> 4
A56: 31 | B56: 44893 | D56: Brasil | G56: 1 | H56: 1 | I56: Suiza | L56: =[1]OFICIAL!G51 -> 0 | M56: =[1]OFICIAL!G51 -> 0 | N56: =[1]OFICIAL!H51 -> 0 | O56: =[1]OFICIAL!I51 -> Suiza | Q56: =IF(AND(OR(AND(G56-H56>0,L56-N56>0),AND(G56-H56<0,L56-N56<0),AND(G56-H56=0,L56-N56=0)),L56>-1,N56>-1),1,0) -> 1 | R56: =IF(AND(G56=L56,H56=N56,L56>-1,G56>-1),3,0) -> 0 | S56: =Q56+R56 -> 1
A57: 47 | B57: 44897 | D57: Serbia | G57: 0 | H57: 1 | I57: Suiza | L57: =[1]OFICIAL!G52 -> 0 | M57: =[1]OFICIAL!G52 -> 0 | N57: =[1]OFICIAL!H52 -> 0 | O57: =[1]OFICIAL!I52 -> Suiza | Q57: =IF(AND(OR(AND(G57-H57>0,L57-N57>0),AND(G57-H57<0,L57-N57<0),AND(G57-H57=0,L57-N57=0)),L57>-1,N57>-1),1,0) -> 0 | R57: =IF(AND(G57=L57,H57=N57,L57>-1,G57>-1),3,0) -> 0 | S57: =Q57+R57 -> 0
A58: 48 | B58: 44897 | D58: Camerún | G58: 1 | H58: 3 | I58: Brasil | L58: =[1]OFICIAL!G53 -> 0 | M58: =[1]OFICIAL!G53 -> 0 | N58: =[1]OFICIAL!H53 -> 0 | O58: =[1]OFICIAL!I53 -> Brasil | Q58: =IF(AND(OR(AND(G58-H58>0,L58-N58>0),AND(G58-H58<0,L58-N58<0),AND(G58-H58=0,L58-N58=0)),L58>-1,N58>-1),1,0) -> 0 | R58: =IF(AND(G58=L58,H58=N58,L58>-1,G58>-1),3,0) -> 0 | S58: =Q58+R58 -> 0
A59: Grupo H
A60: 14 | B60: 44889 | D60: Uruguay | G60: 2 | H60: 0 | I60: Corea del Sur | L60: =[1]OFICIAL!G55 -> 0 | M60: =[1]OFICIAL!G55 -> 0 | N60: =[1]OFICIAL!H55 -> 0 | O60: =[1]OFICIAL!I55 -> Corea del Sur | Q60: =IF(AND(OR(AND(G60-H60>0,L60-N60>0),AND(G60-H60<0,L60-N60<0),AND(G60-H60=0,L60-N60=0)),L60>-1,N60>-1),1,0) -> 0 | R60: =IF(AND(G60=L60,H60=N60,L60>-1,G60>-1),3,0) -> 0 | S60: =Q60+R60 -> 0
A61: 15 | B61: 44889 | D61: Portugal | G61: 2 | H61: 1 | I61: Ghana | L61: =[1]OFICIAL!G56 -> 0 | M61: =[1]OFICIAL!G56 -> 0 | N61: =[1]OFICIAL!H56 -> 0 | O61: =[1]OFICIAL!I56 -> Ghana | Q61: =IF(AND(OR(AND(G61-H61>0,L61-N61>0),AND(G61-H61<0,L61-N61<0),AND(G61-H61=0,L61-N61=0)),L61>-1,N61>-1),1,0) -> 0 | R61: =IF(AND(G61=L61,H61=N61,L61>-1,G61>-1),3,0) -> 0 | S61: =Q61+R61 -> 0
A62: 30 | B62: 44893 | D62: Corea delSur | G62: 1 | H62: 1 | I62: Ghana | L62: =[1]OFICIAL!G57 -> 0 | M62: =[1]OFICIAL!G57 -> 0 | N62: =[1]OFICIAL!H57 -> 0 | O62: =[1]OFICIAL!I57 -> Ghana | Q62: =IF(AND(OR(AND(G62-H62>0,L62-N62>0),AND(G62-H62<0,L62-N62<0),AND(G62-H62=0,L62-N62=0)),L62>-1,N62>-1),1,0) -> 1 | R62: =IF(AND(G62=L62,H62=N62,L62>-1,G62>-1),3,0) -> 0 | S62: =Q62+R62 -> 1
A63: 32 | B63: 44893 | D63: Portugal | G63: 2 | H63: 2 | I63: Uruguay | L63: =[1]OFICIAL!G58 -> 0 | M63: =[1]OFICIAL!G58 -> 0 | N63: =[1]OFICIAL!H58 -> 0 | O63: =[1]OFICIAL!I58 -> Uruguay | Q63: =IF(AND(OR(AND(G63-H63>0,L63-N63>0),AND(G63-H63<0,L63-N63<0),AND(G63-H63=0,L63-N63=0)),L63>-1,N63>-1),1,0) -> 1 | R63: =IF(AND(G63=L63,H63=N63,L63>-1,G63>-1),3,0) -> 0 | S63: =Q63+R63 -> 1
A64: 45 | B64: 44897 | D64: Corea delSur | G64: 0 | H64: 0 | I64: Portugal | L64: =[1]OFICIAL!G59 -> 0 | M64: =[1]OFICIAL!G59 -> 0 | N64: =[1]OFICIAL!H59 -> 0 | O64: =[1]OFICIAL!I59 -> Portugal | Q64: =IF(AND(OR(AND(G64-H64>0,L64-N64>0),AND(G64-H64<0,L64-N64<0),AND(G64-H64=0,L64-N64=0)),L64>-1,N64>-1),1,0) -> 1 | R64: =IF(AND(G64=L64,H64=N64,L64>-1,G64>-1),3,0) -> 3 | S64: =Q64+R64 -> 4
A65: 46 | B65: 44897 | D65: Ghana | G65: 0 | H65: 1 | I65: Uruguay | L65: =[1]OFICIAL!G60 -> 0 | M65: =[1]OFICIAL!G60 -> 0 | N65: =[1]OFICIAL!H60 -> 0 | O65: =[1]OFICIAL!I60 -> Uruguay | Q65: =IF(AND(OR(AND(G65-H65>0,L65-N65>0),AND(G65-H65<0,L65-N65<0),AND(G65-H65=0,L65-N65=0)),L65>-1,N65>-1),1,0) -> 0 | R65: =IF(AND(G65=L65,H65=N65,L65>-1,G65>-1),3,0) -> 0 | S65: =Q65+R65 -> 0
B68: TOTAL PUNTOS PRIMERA FASE | Q68: =SUM(S11:S65) -> 24
A70: OTRAS FASES | C70: (Marque con una X, cada fase
C71: que cree que superará cada selección)
A72: Fases | C72: 8F | D72: 4F | E72: SF | F72: F
A73: Equipos a marcar | C73: 16 | D73: 8 | E73: 4 | F73: 2 | S73: Total
A74: Puntos por acierto | C74: 1 | D74: 2 | E74: 5 | F74: 8 | L74: Pts
L75: 8F | M75: 4F | N75: SF | O75: F
A76: 1 | B76: Qatar | L76: =IF(AND(C76=[1]OFICIAL!C70,[1]OFICIAL!C70="X"),1,0) -> 0 | M76: =IF(AND(D76=[1]OFICIAL!D70,[1]OFICIAL!D70="X"),2,0) -> 0 | N76: =IF(AND(E76=[1]OFICIAL!E70,[1]OFICIAL!E70="X"),5,0) -> 0 | O76: =IF(AND(F76=[1]OFICIAL!F70,[1]OFICIAL!F70="X"),8,0) -> 0 | S76: =SUM(L76:O76) -> 0
A77: 2 | B77: Ecuador | L77: =IF(AND(C77=[1]OFICIAL!C71,[1]OFICIAL!C71="X"),1,0) -> 0 | M77: =IF(AND(D77=[1]OFICIAL!D71,[1]OFICIAL!D71="X"),2,0) -> 0 | N77: =IF(AND(E77=[1]OFICIAL!E71,[1]OFICIAL!E71="X"),5,0) -> 0 | O77: =IF(AND(F77=[1]OFICIAL!F71,[1]OFICIAL!F71="X"),8,0) -> 0 | S77: =SUM(L77:O77) -> 0
A78: 3 | B78: Senegal | C78: X | L78: =IF(AND(C78=[1]OFICIAL!C72,[1]OFICIAL!C72="X"),1,0) -> 0 | M78: =IF(AND(D78=[1]OFICIAL!D72,[1]OFICIAL!D72="X"),2,0) -> 0 | N78: =IF(AND(E78=[1]OFICIAL!E72,[1]OFICIAL!E72="X"),5,0) -> 0 | O78: =IF(AND(F78=[1]OFICIAL!F72,[1]OFICIAL!F72="X"),8,0) -> 0 | S78: =SUM(L78:O78) -> 0
A79: 4 | B79: Países Bajos | C79: X | D79: X | L79: =IF(AND(C79=[1]OFICIAL!C73,[1]OFICIAL!C73="X"),1,0) -> 0 | M79: =IF(AND(D79=[1]OFICIAL!D73,[1]OFICIAL!D73="X"),2,0) -> 0 | N79: =IF(AND(E79=[1]OFICIAL!E73,[1]OFICIAL!E73="X"),5,0) -> 0 | O79: =IF(AND(F79=[1]OFICIAL!F73,[1]OFICIAL!F73="X"),8,0) -> 0 | S79: =SUM(L79:O79) -> 0
A80: 5 | B80: Inglaterra | C80: X | D80: X | L80: =IF(AND(C80=[1]OFICIAL!C74,[1]OFICIAL!C74="X"),1,0) -> 0 | M80: =IF(AND(D80=[1]OFICIAL!D74,[1]OFICIAL!D74="X"),2,0) -> 0 | N80: =IF(AND(E80=[1]OFICIAL!E74,[1]OFICIAL!E74="X"),5,0) -> 0 | O80: =IF(AND(F80=[1]OFICIAL!F74,[1]OFICIAL!F74="X"),8,0) -> 0 | S80: =SUM(L80:O80) -> 0
A81: 6 | B81: Irán | L81: =IF(AND(C81=[1]OFICIAL!C75,[1]OFICIAL!C75="X"),1,0) -> 0 | M81: =IF(AND(D81=[1]OFICIAL!D75,[1]OFICIAL!D75="X"),2,0) -> 0 | N81: =IF(AND(E81=[1]OFICIAL!E75,[1]OFICIAL!E75="X"),5,0) -> 0 | O81: =IF(AND(F81=[1]OFICIAL!F75,[1]OFICIAL!F75="X"),8,0) -> 0 | S81: =SUM(L81:O81) -> 0
A82: 7 | B82: USA | C82: X | L82: =IF(AND(C82=[1]OFICIAL!C76,[1]OFICIAL!C76="X"),1,0) -> 0 | M82: =IF(AND(D82=[1]OFICIAL!D76,[1]OFICIAL!D76="X"),2,0) -> 0 | N82: =IF(AND(E82=[1]OFICIAL!E76,[1]OFICIAL!E76="X"),5,0) -> 0 | O82: =IF(AND(F82=[1]OFICIAL!F76,[1]OFICIAL!F76="X"),8,0) -> 0 | S82: =SUM(L82:O82) -> 0
A83: 8 | B83: Gales | L83: =IF(AND(C83=[1]OFICIAL!C77,[1]OFICIAL!C77="X"),1,0) -> 0 | M83: =IF(AND(D83=[1]OFICIAL!D77,[1]OFICIAL!D77="X"),2,0) -> 0 | N83: =IF(AND(E83=[1]OFICIAL!E77,[1]OFICIAL!E77="X"),5,0) -> 0 | O83: =IF(AND(F83=[1]OFICIAL!F77,[1]OFICIAL!F77="X"),8,0) -> 0 | S83: =SUM(L83:O83) -> 0
A84: 9 | B84: Argentina | C84: X | D84: X | E84: X | F84: X | L84: =IF(AND(C84=[1]OFICIAL!C78,[1]OFICIAL!C78="X"),1,0) -> 0 | M84: =IF(AND(D84=[1]OFICIAL!D78,[1]OFICIAL!D78="X"),2,0) -> 0 | N84: =IF(AND(E84=[1]OFICIAL!E78,[1]OFICIAL!E78="X"),5,0) -> 0 | O84: =IF(AND(F84=[1]OFICIAL!F78,[1]OFICIAL!F78="X"),8,0) -> 0 | S84: =SUM(L84:O84) -> 0
A85: 10 | B85: Arabia Saudí | L85: =IF(AND(C85=[1]OFICIAL!C79,[1]OFICIAL!C79="X"),1,0) -> 0 | M85: =IF(AND(D85=[1]OFICIAL!D79,[1]OFICIAL!D79="X"),2,0) -> 0 | N85: =IF(AND(E85=[1]OFICIAL!E79,[1]OFICIAL!E79="X"),5,0) -> 0 | O85: =IF(AND(F85=[1]OFICIAL!F79,[1]OFICIAL!F79="X"),8,0) -> 0 | S85: =SUM(L85:O85) -> 0
A86: 11 | B86: México | C86: X | L86: =IF(AND(C86=[1]OFICIAL!C80,[1]OFICIAL!C80="X"),1,0) -> 0 | M86: =IF(AND(D86=[1]OFICIAL!D80,[1]OFICIAL!D80="X"),2,0) -> 0 | N86: =IF(AND(E86=[1]OFICIAL!E80,[1]OFICIAL!E80="X"),5,0) -> 0 | O86: =IF(AND(F86=[1]OFICIAL!F80,[1]OFICIAL!F80="X"),8,0) -> 0 | S86: =SUM(L86:O86) -> 0
A87: 12 | B87: Polonia | L87: =IF(AND(C87=[1]OFICIAL!C81,[1]OFICIAL!C81="X"),1,0) -> 0 | M87: =IF(AND(D87=[1]OFICIAL!D81,[1]OFICIAL!D81="X"),2,0) -> 0 | N87: =IF(AND(E87=[1]OFICIAL!E81,[1]OFICIAL!E81="X"),5,0) -> 0 | O87: =IF(AND(F87=[1]OFICIAL!F81,[1]OFICIAL!F81="X"),8,0) -> 0 | S87: =SUM(L87:O87) -> 0
A88: 13 | B88: Francia | C88: X | D88: X | E88: X | L88: =IF(AND(C88=[1]OFICIAL!C82,[1]OFICIAL!C82="X"),1,0) -> 0 | M88: =IF(AND(D88=[1]OFICIAL!D82,[1]OFICIAL!D82="X"),2,0) -> 0 | N88: =IF(AND(E88=[1]OFICIAL!E82,[1]OFICIAL!E82="X"),5,0) -> 0 | O88: =IF(AND(F88=[1]OFICIAL!F82,[1]OFICIAL!F82="X"),8,0) -> 0 | S88: =SUM(L88:O88) -> 0
A89: 14 | B89: Australia | L89: =IF(AND(C89=[1]OFICIAL!C83,[1]OFICIAL!C83="X"),1,0) -> 0 | M89: =IF(AND(D89=[1]OFICIAL!D83,[1]OFICIAL!D83="X"),2,0) -> 0 | N89: =IF(AND(E89=[1]OFICIAL!E83,[1]OFICIAL!E83="X"),5,0) -> 0 | O89: =IF(AND(F89=[1]OFICIAL!F83,[1]OFICIAL!F83="X"),8,0) -> 0 | S89: =SUM(L89:O89) -> 0
A90: 15 | B90: Dinamarca | C90: X | L90: =IF(AND(C90=[1]OFICIAL!C84,[1]OFICIAL!C84="X"),1,0) -> 0 | M90: =IF(AND(D90=[1]OFICIAL!D84,[1]OFICIAL!D84="X"),2,0) -> 0 | N90: =IF(AND(E90=[1]OFICIAL!E84,[1]OFICIAL!E84="X"),5,0) -> 0 | O90: =IF(AND(F90=[1]OFICIAL!F84,[1]OFICIAL!F84="X"),8,0) -> 0 | S90: =SUM(L90:O90) -> 0
A91: 16 | B91: Túnez | L91: =IF(AND(C91=[1]OFICIAL!C85,[1]OFICIAL!C85="X"),1,0) -> 0 | M91: =IF(AND(D91=[1]OFICIAL!D85,[1]OFICIAL!D85="X"),2,0) -> 0 | N91: =IF(AND(E91=[1]OFICIAL!E85,[1]OFICIAL!E85="X"),5,0) -> 0 | O91: =IF(AND(F91=[1]OFICIAL!F85,[1]OFICIAL!F85="X"),8,0) -> 0 | S91: =SUM(L91:O91) -> 0
A92: 17 | B92: España | C92: X | D92: X | E92: X | L92: =IF(AND(C92=[1]OFICIAL!C86,[1]OFICIAL!C86="X"),1,0) -> 0 | M92: =IF(AND(D92=[1]OFICIAL!D86,[1]OFICIAL!D86="X"),2,0) -> 0 | N92: =IF(AND(E92=[1]OFICIAL!E86,[1]OFICIAL!E86="X"),5,0) -> 0 | O92: =IF(AND(F92=[1]OFICIAL!F86,[1]OFICIAL!F86="X"),8,0) -> 0 | S92: =SUM(L92:O92) -> 0
A93: 18 | B93: Costa Rica | L93: =IF(AND(C93=[1]OFICIAL!C87,[1]OFICIAL!C87="X"),1,0) -> 0 | M93: =IF(AND(D93=[1]OFICIAL!D87,[1]OFICIAL!D87="X"),2,0) -> 0 | N93: =IF(AND(E93=[1]OFICIAL!E87,[1]OFICIAL!E87="X"),5,0) -> 0 | O93: =IF(AND(F93=[1]OFICIAL!F87,[1]OFICIAL!F87="X"),8,0) -> 0 | S93: =SUM(L93:O93) -> 0
A94: 19 | B94: Alemania | C94: X | L94: =IF(AND(C94=[1]OFICIAL!C88,[1]OFICIAL!C88="X"),1,0) -> 0 | M94: =IF(AND(D94=[1]OFICIAL!D88,[1]OFICIAL!D88="X"),2,0) -> 0 | N94: =IF(AND(E94=[1]OFICIAL!E88,[1]OFICIAL!E88="X"),5,0) -> 0 | O94: =IF(AND(F94=[1]OFICIAL!F88,[1]OFICIAL!F88="X"),8,0) -> 0 | S94: =SUM(L94:O94) -> 0
A95: 20 | B95: Japón | L95: =IF(AND(C95=[1]OFICIAL!C89,[1]OFICIAL!C89="X"),1,0) -> 0 | M95: =IF(AND(D95=[1]OFICIAL!D89,[1]OFICIAL!D89="X"),2,0) -> 0 | N95: =IF(AND(E95=[1]OFICIAL!E89,[1]OFICIAL!E89="X"),5,0) -> 0 | O95: =IF(AND(F95=[1]OFICIAL!F89,[1]OFICIAL!F89="X"),8,0) -> 0 | S95: =SUM(L95:O95) -> 0
A96: 21 | B96: Bélgica | C96: X | D96: X | L96: =IF(AND(C96=[1]OFICIAL!C90,[1]OFICIAL!C90="X"),1,0) -> 0 | M96: =IF(AND(D96=[1]OFICIAL!D90,[1]OFICIAL!D90="X"),2,0) -> 0 | N96: =IF(AND(E96=[1]OFICIAL!E90,[1]OFICIAL!E90="X"),5,0) -> 0 | O96: =IF(AND(F96=[1]OFICIAL!F90,[1]OFICIAL!F90="X"),8,0) -> 0 | S96: =SUM(L96:O96) -> 0
A97: 22 | B97: Canadá | L97: =IF(AND(C97=[1]OFICIAL!C91,[1]OFICIAL!C91="X"),1,0) -> 0 | M97: =IF(AND(D97=[1]OFICIAL!D91,[1]OFICIAL!D91="X"),2,0) -> 0 | N97: =IF(AND(E97=[1]OFICIAL!E91,[1]OFICIAL!E91="X"),5,0) -> 0 | O97: =IF(AND(F97=[1]OFICIAL!F91,[1]OFICIAL!F91="X"),8,0) -> 0 | S97: =SUM(L97:O97) -> 0
A98: 23 | B98: Marruecos | L98: =IF(AND(C98=[1]OFICIAL!C92,[1]OFICIAL!C92="X"),1,0) -> 0 | M98: =IF(AND(D98=[1]OFICIAL!D92,[1]OFICIAL!D92="X"),2,0) -> 0 | N98: =IF(AND(E98=[1]OFICIAL!E92,[1]OFICIAL!E92="X"),5,0) -> 0 | O98: =IF(AND(F98=[1]OFICIAL!F92,[1]OFICIAL!F92="X"),8,0) -> 0 | S98: =SUM(L98:O98) -> 0
A99: 24 | B99: Croacia | C99: X | L99: =IF(AND(C99=[1]OFICIAL!C93,[1]OFICIAL!C93="X"),1,0) -> 0 | M99: =IF(AND(D99=[1]OFICIAL!D93,[1]OFICIAL!D93="X"),2,0) -> 0 | N99: =IF(AND(E99=[1]OFICIAL!E93,[1]OFICIAL!E93="X"),5,0) -> 0 | O99: =IF(AND(F99=[1]OFICIAL!F93,[1]OFICIAL!F93="X"),8,0) -> 0 | S99: =SUM(L99:O99) -> 0
A100: 25 | B100: Brasil | C100: X | D100: X | E100: X | F100: X | L100: =IF(AND(C100=[1]OFICIAL!C94,[1]OFICIAL!C94="X"),1,0) -> 0 | M100: =IF(AND(D100=[1]OFICIAL!D94,[1]OFICIAL!D94="X"),2,0) -> 0 | N100: =IF(AND(E100=[1]OFICIAL!E94,[1]OFICIAL!E94="X"),5,0) -> 0 | O100: =IF(AND(F100=[1]OFICIAL!F94,[1]OFICIAL!F94="X"),8,0) -> 0 | S100: =SUM(L100:O100) -> 0
A101: 26 | B101: Serbia | L101: =IF(AND(C101=[1]OFICIAL!C95,[1]OFICIAL!C95="X"),1,0) -> 0 | M101: =IF(AND(D101=[1]OFICIAL!D95,[1]OFICIAL!D95="X"),2,0) -> 0 | N101: =IF(AND(E101=[1]OFICIAL!E95,[1]OFICIAL!E95="X"),5,0) -> 0 | O101: =IF(AND(F101=[1]OFICIAL!F95,[1]OFICIAL!F95="X"),8,0) -> 0 | S101: =SUM(L101:O101) -> 0
A102: 27 | B102: Suiza | C102: X | L102: =IF(AND(C102=[1]OFICIAL!C96,[1]OFICIAL!C96="X"),1,0) -> 0 | M102: =IF(AND(D102=[1]OFICIAL!D96,[1]OFICIAL!D96="X"),2,0) -> 0 | N102: =IF(AND(E102=[1]OFICIAL!E96,[1]OFICIAL!E96="X"),5,0) -> 0 | O102: =IF(AND(F102=[1]OFICIAL!F96,[1]OFICIAL!F96="X"),8,0) -> 0 | S102: =SUM(L102:O102) -> 0
A103: 28 | B103: Camerún | L103: =IF(AND(C103=[1]OFICIAL!C97,[1]OFICIAL!C97="X"),1,0) -> 0 | M103: =IF(AND(D103=[1]OFICIAL!D97,[1]OFICIAL!D97="X"),2,0) -> 0 | N103: =IF(AND(E103=[1]OFICIAL!E97,[1]OFICIAL!E97="X"),5,0) -> 0 | O103: =IF(AND(F103=[1]OFICIAL!F97,[1]OFICIAL!F97="X"),8,0) -> 0 | S103: =SUM(L103:O103) -> 0
A104: 29 | B104: Portugal | C104: X | L104: =IF(AND(C104=[1]OFICIAL!C98,[1]OFICIAL!C98="X"),1,0) -> 0 | M104: =IF(AND(D104=[1]OFICIAL!D98,[1]OFICIAL!D98="X"),2,0) -> 0 | N104: =IF(AND(E104=[1]OFICIAL!E98,[1]OFICIAL!E98="X"),5,0) -> 0 | O104: =IF(AND(F104=[1]OFICIAL!F98,[1]OFICIAL!F98="X"),8,0) -> 0 | S104: =SUM(L104:O104) -> 0
A105: 30 | B105: Ghana | L105: =IF(AND(C105=[1]OFICIAL!C99,[1]OFICIAL!C99="X"),1,0) -> 0 | M105: =IF(AND(D105=[1]OFICIAL!D99,[1]OFICIAL!D99="X"),2,0) -> 0 | N105: =IF(AND(E105=[1]OFICIAL!E99,[1]OFICIAL!E99="X"),5,0) -> 0 | O105: =IF(AND(F105=[1]OFICIAL!F99,[1]OFICIAL!F99="X"),8,0) -> 0 | S105: =SUM(L105:O105) -> 0
...

Sheet CSE
B1: MUNDIAL DE FÚTBOL QATAR 2022 | O1: Premios | Q1: 1 Puesto | S1: 0.7
B2: Escribir solo en las cajas | E2: VERDES | L2: 5 | M2: E | Q2: 2 Puesto | S2: 0.2
B3: No toque ni re formatee nada | Q3: 3 Puesto | S3: 0.1
B5: PARTICIPANTE: | C5: Esther Cortés Suris | L5: Resultado: 1 Pt | Q5: No tocar Columnas
L6: Exacto: 4 Pts | Q6: Naranjas
A8: Partido | B8: Fecha | G8: Resultado | L8: Resultado | Q8: Pts
G9: Suyo | L9: Real | Q9: Resu | R9: Exac | S9: Total
A10: Grupo A
A11: 1 | B11: 44885 | D11: Qatar | G11: 1 | H11: 2 | I11: Ecuador | L11: =OFICIAL!G6 -> 0 | M11: =OFICIAL!G6 -> 0 | N11: =OFICIAL!H6 -> 2 | O11: =OFICIAL!I6 -> Ecuador | Q11: =IF(AND(OR(AND(G11-H11>0,L11-N11>0),AND(G11-H11<0,L11-N11<0),AND(G11-H11=0,L11-N11=0)),L11>-1,N11>-1),1,0) -> 1 | R11: =IF(AND(G11=L11,H11=N11,L11>-1,G11>-1),3,0) -> 0 | S11: =Q11+R11 -> 1
A12: 3 | B12: 44886 | D12: Senegal | G12: 2 | H12: 2 | I12: Países Bajos | L12: =OFICIAL!G7 -> 0 | M12: =OFICIAL!G7 -> 0 | N12: =OFICIAL!H7 -> 0 | O12: =OFICIAL!I7 -> Países Bajos | Q12: =IF(AND(OR(AND(G12-H12>0,L12-N12>0),AND(G12-H12<0,L12-N12<0),AND(G12-H12=0,L12-N12=0)),L12>-1,N12>-1),1,0) -> 1 | R12: =IF(AND(G12=L12,H12=N12,L12>-1,G12>-1),3,0) -> 0 | S12: =Q12+R12 -> 1
A13: 18 | B13: 44890 | D13: Qatar | G13: 0 | H13: 1 | I13: Senegal | L13: =OFICIAL!G8 -> 0 | M13: =OFICIAL!G8 -> 0 | N13: =OFICIAL!H8 -> 0 | O13: =OFICIAL!I8 -> Senegal | Q13: =IF(AND(OR(AND(G13-H13>0,L13-N13>0),AND(G13-H13<0,L13-N13<0),AND(G13-H13=0,L13-N13=0)),L13>-1,N13>-1),1,0) -> 0 | R13: =IF(AND(G13=L13,H13=N13,L13>-1,G13>-1),3,0) -> 0 | S13: =Q13+R13 -> 0
A14: 19 | B14: 44890 | D14: Países Bajos | G14: 2 | H14: 1 | I14: Ecuador | L14: =OFICIAL!G9 -> 0 | M14: =OFICIAL!G9 -> 0 | N14: =OFICIAL!H9 -> 0 | O14: =OFICIAL!I9 -> Ecuador | Q14: =IF(AND(OR(AND(G14-H14>0,L14-N14>0),AND(G14-H14<0,L14-N14<0),AND(G14-H14=0,L14-N14=0)),L14>-1,N14>-1),1,0) -> 0 | R14: =IF(AND(G14=L14,H14=N14,L14>-1,G14>-1),3,0) -> 0 | S14: =Q14+R14 -> 0
A15: 33 | B15: 44894 | D15: Países Bajos | G15: 3 | H15: 0 | I15: Qatar | L15: =OFICIAL!G10 -> 0 | M15: =OFICIAL!G10 -> 0 | N15: =OFICIAL!H10 -> 0 | O15: =OFICIAL!I10 -> Qatar | Q15: =IF(AND(OR(AND(G15-H15>0,L15-N15>0),AND(G15-H15<0,L15-N15<0),AND(G15-H15=0,L15-N15=0)),L15>-1,N15>-1),1,0) -> 0 | R15: =IF(AND(G15=L15,H15=N15,L15>-1,G15>-1),3,0) -> 0 | S15: =Q15+R15 -> 0
A16: 34 | B16: 44894 | D16: Ecuador | G16: 1 | H16: 1 | I16: Senegal | L16: =OFICIAL!G11 -> 0 | M16: =OFICIAL!G11 -> 0 | N16: =OFICIAL!H11 -> 0 | O16: =OFICIAL!I11 -> Senegal | Q16: =IF(AND(OR(AND(G16-H16>0,L16-N16>0),AND(G16-H16<0,L16-N16<0),AND(G16-H16=0,L16-N16=0)),L16>-1,N16>-1),1,0) -> 1 | R16: =IF(AND(G16=L16,H16=N16,L16>-1,G16>-1),3,0) -> 0 | S16: =Q16+R16 -> 1
A17: Grupo B
A18: 2 | B18: 44886 | D18: Inglaterra | G18: 2 | H18: 0 | I18: Irán | L18: =OFICIAL!G13 -> 0 | M18: =OFICIAL!G13 -> 0 | N18: =OFICIAL!H13 -> 0 | O18: =OFICIAL!I13 -> Irán | Q18: =IF(AND(OR(AND(G18-H18>0,L18-N18>0),AND(G18-H18<0,L18-N18<0),AND(G18-H18=0,L18-N18=0)),L18>-1,N18>-1),1,0) -> 0 | R18: =IF(AND(G18=L18,H18=N18,L18>-1,G18>-1),3,0) -> 0 | S18: =Q18+R18 -> 0
A19: 4 | B19: 44886 | D19: USA | G19: 1 | H19: 1 | I19: Gales | L19: =OFICIAL!G14 -> 0 | M19: =OFICIAL!G14 -> 0 | N19: =OFICIAL!H14 -> 0 | O19: =OFICIAL!I14 -> Gales | Q19: =IF(AND(OR(AND(G19-H19>0,L19-N19>0),AND(G19-H19<0,L19-N19<0),AND(G19-H19=0,L19-N19=0)),L19>-1,N19>-1),1,0) -> 1 | R19: =IF(AND(G19=L19,H19=N19,L19>-1,G19>-1),3,0) -> 0 | S19: =Q19+R19 -> 1
A20: 17 | B20: 44890 | D20: Gales | G20: 2 | H20: 0 | I20: Irán | L20: =OFICIAL!G15 -> 0 | M20: =OFICIAL!G15 -> 0 | N20: =OFICIAL!H15 -> 0 | O20: =OFICIAL!I15 -> Irán | Q20: =IF(AND(OR(AND(G20-H20>0,L20-N20>0),AND(G20-H20<0,L20-N20<0),AND(G20-H20=0,L20-N20=0)),L20>-1,N20>-1),1,0) -> 0 | R20: =IF(AND(G20=L20,H20=N20,L20>-1,G20>-1),3,0) -> 0 | S20: =Q20+R20 -> 0
A21: 20 | B21: 44890 | D21: Inglaterra | G21: 3 | H21: 1 | I21: USA | L21: =OFICIAL!G16 -> 0 | M21: =OFICIAL!G16 -> 0 | N21: =OFICIAL!H16 -> 0 | O21: =OFICIAL!I16 -> USA | Q21: =IF(AND(OR(AND(G21-H21>0,L21-N21>0),AND(G21-H21<0,L21-N21<0),AND(G21-H21=0,L21-N21=0)),L21>-1,N21>-1),1,0) -> 0 | R21: =IF(AND(G21=L21,H21=N21,L21>-1,G21>-1),3,0) -> 0 | S21: =Q21+R21 -> 0
A22: 35 | B22: 44894 | D22: Gales | G22: 1 | H22: 1 | I22: Inglaterra | L22: =OFICIAL!G17 -> 0 | M22: =OFICIAL!G17 -> 0 | N22: =OFICIAL!H17 -> 0 | O22: =OFICIAL!I17 -> Inglaterra | Q22: =IF(AND(OR(AND(G22-H22>0,L22-N22>0),AND(G22-H22<0,L22-N22<0),AND(G22-H22=0,L22-N22=0)),L22>-1,N22>-1),1,0) -> 1 | R22: =IF(AND(G22=L22,H22=N22,L22>-1,G22>-1),3,0) -> 0 | S22: =Q22+R22 -> 1
A23: 36 | B23: 44894 | D23: Irán | G23: 1 | H23: 2 | I23: USA | L23: =OFICIAL!G18 -> 0 | M23: =OFICIAL!G18 -> 0 | N23: =OFICIAL!H18 -> 0 | O23: =OFICIAL!I18 -> USA | Q23: =IF(AND(OR(AND(G23-H23>0,L23-N23>0),AND(G23-H23<0,L23-N23<0),AND(G23-H23=0,L23-N23=0)),L23>-1,N23>-1),1,0) -> 0 | R23: =IF(AND(G23=L23,H23=N23,L23>-1,G23>-1),3,0) -> 0 | S23: =Q23+R23 -> 0
A24: Grupo C
A25: 5 | B25: 44887 | D25: Argentina | G25: 4 | H25: 1 | I25: Arabia Saudí | L25: =OFICIAL!G20 -> 0 | M25: =OFICIAL!G20 -> 0 | N25: =OFICIAL!H20 -> 0 | O25: =OFICIAL!I20 -> Arabia Saudí | Q25: =IF(AND(OR(AND(G25-H25>0,L25-N25>0),AND(G25-H25<0,L25-N25<0),AND(G25-H25=0,L25-N25=0)),L25>-1,N25>-1),1,0) -> 0 | R25: =IF(AND(G25=L25,H25=N25,L25>-1,G25>-1),3,0) -> 0 | S25: =Q25+R25 -> 0
A26: 7 | B26: 44887 | D26: México | G26: 2 | H26: 1 | I26: Polonia | L26: =OFICIAL!G21 -> 0 | M26: =OFICIAL!G21 -> 0 | N26: =OFICIAL!H21 -> 0 | O26: =OFICIAL!I21 -> Polonia | Q26: =IF(AND(OR(AND(G26-H26>0,L26-N26>0),AND(G26-H26<0,L26-N26<0),AND(G26-H26=0,L26-N26=0)),L26>-1,N26>-1),1,0) -> 0 | R26: =IF(AND(G26=L26,H26=N26,L26>-1,G26>-1),3,0) -> 0 | S26: =Q26+R26 -> 0
A27: 22 | B27: 44891 | D27: Polonia | G27: 1 | H27: 0 | I27: Arabia Saudí | L27: =OFICIAL!G22 -> 0 | M27: =OFICIAL!G22 -> 0 | N27: =OFICIAL!H22 -> 0 | O27: =OFICIAL!I22 -> Arabia Saudí | Q27: =IF(AND(OR(AND(G27-H27>0,L27-N27>0),AND(G27-H27<0,L27-N27<0),AND(G27-H27=0,L27-N27=0)),L27>-1,N27>-1),1,0) -> 0 | R27: =IF(AND(G27=L27,H27=N27,L27>-1,G27>-1),3,0) -> 0 | S27: =Q27+R27 -> 0
A28: 24 | B28: 44891 | D28: Argentina | G28: 2 | H28: 0 | I28: México | L28: =OFICIAL!G23 -> 0 | M28: =OFICIAL!G23 -> 0 | N28: =OFICIAL!H23 -> 0 | O28: =OFICIAL!I23 -> México | Q28: =IF(AND(OR(AND(G28-H28>0,L28-N28>0),AND(G28-H28<0,L28-N28<0),AND(G28-H28=0,L28-N28=0)),L28>-1,N28>-1),1,0) -> 0 | R28: =IF(AND(G28=L28,H28=N28,L28>-1,G28>-1),3,0) -> 0 | S28: =Q28+R28 -> 0
A29: 39 | B29: 44895 | D29: Arabia Saudí | G29: 1 | H29: 2 | I29: México | L29: =OFICIAL!G24 -> 0 | M29: =OFICIAL!G24 -> 0 | N29: =OFICIAL!H24 -> 0 | O29: =OFICIAL!I24 -> México | Q29: =IF(AND(OR(AND(G29-H29>0,L29-N29>0),AND(G29-H29<0,L29-N29<0),AND(G29-H29=0,L29-N29=0)),L29>-1,N29>-1),1,0) -> 0 | R29: =IF(AND(G29=L29,H29=N29,L29>-1,G29>-1),3,0) -> 0 | S29: =Q29+R29 -> 0
A30: 40 | B30: 44895 | D30: Polonia | G30: 0 | H30: 1 | I30: Argentina | L30: =OFICIAL!G25 -> 0 | M30: =OFICIAL!G25 -> 0 | N30: =OFICIAL!H25 -> 0 | O30: =OFICIAL!I25 -> Argentina | Q30: =IF(AND(OR(AND(G30-H30>0,L30-N30>0),AND(G30-H30<0,L30-N30<0),AND(G30-H30=0,L30-N30=0)),L30>-1,N30>-1),1,0) -> 0 | R30: =IF(AND(G30=L30,H30=N30,L30>-1,G30>-1),3,0) -> 0 | S30: =Q30+R30 -> 0
A31: Grupo D
A32: 6 | B32: 44887 | D32: Dinamarca | G32: 1 | H32: 0 | I32: Túnez | L32: =OFICIAL!G27 -> 0 | M32: =OFICIAL!G27 -> 0 | N32: =OFICIAL!H27 -> 0 | O32: =OFICIAL!I27 -> Túnez | Q32: =IF(AND(OR(AND(G32-H32>0,L32-N32>0),AND(G32-H32<0,L32-N32<0),AND(G32-H32=0,L32-N32=0)),L32>-1,N32>-1),1,0) -> 0 | R32: =IF(AND(G32=L32,H32=N32,L32>-1,G32>-1),3,0) -> 0 | S32: =Q32+R32 -> 0
A33: 8 | B33: 44887 | D33: Francia | G33: 2 | H33: 1 | I33: Australia | L33: =OFICIAL!G28 -> 0 | M33: =OFICIAL!G28 -> 0 | N33: =OFICIAL!H28 -> 0 | O33: =OFICIAL!I28 -> Australia | Q33: =IF(AND(OR(AND(G33-H33>0,L33-N33>0),AND(G33-H33<0,L33-N33<0),AND(G33-H33=0,L33-N33=0)),L33>-1,N33>-1),1,0) -> 0 | R33: =IF(AND(G33=L33,H33=N33,L33>-1,G33>-1),3,0) -> 0 | S33: =Q33+R33 -> 0
A34: 21 | B34: 44891 | D34: Túnez | G34: 0 | H34: 1 | I34: Australia | L34: =OFICIAL!G29 -> 0 | M34: =OFICIAL!G29 -> 0 | N34: =OFICIAL!H29 -> 0 | O34: =OFICIAL!I29 -> Australia | Q34: =IF(AND(OR(AND(G34-H34>0,L34-N34>0),AND(G34-H34<0,L34-N34<0),AND(G34-H34=0,L34-N34=0)),L34>-1,N34>-1),1,0) -> 0 | R34: =IF(AND(G34=L34,H34=N34,L34>-1,G34>-1),3,0) -> 0 | S34: =Q34+R34 -> 0
A35: 23 | B35: 44891 | D35: Francia | G35: 1 | H35: 1 | I35: Dinamarca | L35: =OFICIAL!G30 -> 0 | M35: =OFICIAL!G30 -> 0 | N35: =OFICIAL!H30 -> 0 | O35: =OFICIAL!I30 -> Dinamarca | Q35: =IF(AND(OR(AND(G35-H35>0,L35-N35>0),AND(G35-H35<0,L35-N35<0),AND(G35-H35=0,L35-N35=0)),L35>-1,N35>-1),1,0) -> 1 | R35: =IF(AND(G35=L35,H35=N35,L35>-1,G35>-1),3,0) -> 0 | S35: =Q35+R35 -> 1
A36: 37 | B36: 44895 | D36: Túnez | G36: 0 | H36: 4 | I36: Francia | L36: =OFICIAL!G31 -> 0 | M36: =OFICIAL!G31 -> 0 | N36: =OFICIAL!H31 -> 0 | O36: =OFICIAL!I31 -> Francia | Q36: =IF(AND(OR(AND(G36-H36>0,L36-N36>0),AND(G36-H36<0,L36-N36<0),AND(G36-H36=0,L36-N36=0)),L36>-1,N36>-1),1,0) -> 0 | R36: =IF(AND(G36=L36,H36=N36,L36>-1,G36>-1),3,0) -> 0 | S36: =Q36+R36 -> 0
A37: 38 | B37: 44895 | D37: Australia | G37: 1 | H37: 2 | I37: Dinamarca | L37: =OFICIAL!G32 -> 0 | M37: =OFICIAL!G32 -> 0 | N37: =OFICIAL!H32 -> 0 | O37: =OFICIAL!I32 -> Dinamarca | Q37: =IF(AND(OR(AND(G37-H37>0,L37-N37>0),AND(G37-H37<0,L37-N37<0),AND(G37-H37=0,L37-N37=0)),L37>-1,N37>-1),1,0) -> 0 | R37: =IF(AND(G37=L37,H37=N37,L37>-1,G37>-1),3,0) -> 0 | S37: =Q37+R37 -> 0
A38: Grupo E
A39: 10 | B39: 44888 | D39: Alemania | G39: 2 | H39: 1 | I39: Japón | L39: =OFICIAL!G34 -> 0 | M39: =OFICIAL!G34 -> 0 | N39: =OFICIAL!H34 -> 0 | O39: =OFICIAL!I34 -> Japón | Q39: =IF(AND(OR(AND(G39-H39>0,L39-N39>0),AND(G39-H39<0,L39-N39<0),AND(G39-H39=0,L39-N39=0)),L39>-1,N39>-1),1,0) -> 0 | R39: =IF(AND(G39=L39,H39=N39,L39>-1,G39>-1),3,0) -> 0 | S39: =Q39+R39 -> 0
A40: 11 | B40: 44888 | D40: España | G40: 1 | H40: 0 | I40: Costa Rica | L40: =OFICIAL!G35 -> 0 | M40: =OFICIAL!G35 -> 0 | N40: =OFICIAL!H35 -> 0 | O40: =OFICIAL!I35 -> Costa Rica | Q40: =IF(AND(OR(AND(G40-H40>0,L40-N40>0),AND(G40-H40<0,L40-N40<0),AND(G40-H40=0,L40-N40=0)),L40>-1,N40>-1),1,0) -> 0 | R40: =IF(AND(G40=L40,H40=N40,L40>-1,G40>-1),3,0) -> 0 | S40: =Q40+R40 -> 0
A41: 25 | B41: 44892 | D41: Japón | G41: 2 | H41: 2 | I41: Costa Rica | L41: =OFICIAL!G36 -> 0 | M41: =OFICIAL!G36 -> 0 | N41: =OFICIAL!H36 -> 0 | O41: =OFICIAL!I36 -> Costa Rica | Q41: =IF(AND(OR(AND(G41-H41>0,L41-N41>0),AND(G41-H41<0,L41-N41<0),AND(G41-H41=0,L41-N41=0)),L41>-1,N41>-1),1,0) -> 1 | R41: =IF(AND(G41=L41,H41=N41,L41>-1,G41>-1),3,0) -> 0 | S41: =Q41+R41 -> 1
A42: 28 | B42: 44892 | D42: España | G42: 2 | H42: 3 | I42: Alemania | L42: =OFICIAL!G37 -> 0 | M42: =OFICIAL!G37 -> 0 | N42: =OFICIAL!H37 -> 0 | O42: =OFICIAL!I37 -> Alemania | Q42: =IF(AND(OR(AND(G42-H42>0,L42-N42>0),AND(G42-H42<0,L42-N42<0),AND(G42-H42=0,L42-N42=0)),L42>-1,N42>-1),1,0) -> 0 | R42: =IF(AND(G42=L42,H42=N42,L42>-1,G42>-1),3,0) -> 0 | S42: =Q42+R42 -> 0
A43: 43 | B43: 44896 | D43: Japón | G43: 1 | H43: 3 | I43: España | L43: =OFICIAL!G38 -> 0 | M43: =OFICIAL!G38 -> 0 | N43: =OFICIAL!H38 -> 0 | O43: =OFICIAL!I38 -> España | Q43: =IF(AND(OR(AND(G43-H43>0,L43-N43>0),AND(G43-H43<0,L43-N43<0),AND(G43-H43=0,L43-N43=0)),L43>-1,N43>-1),1,0) -> 0 | R43: =IF(AND(G43=L43,H43=N43,L43>-1,G43>-1),3,0) -> 0 | S43: =Q43+R43 -> 0
A44: 44 | B44: 44896 | D44: Costa Rica | G44: 0 | H44: 2 | I44: Alemania | L44: =OFICIAL!G39 -> 0 | M44: =OFICIAL!G39 -> 0 | N44: =OFICIAL!H39 -> 0 | O44: =OFICIAL!I39 -> Alemania | Q44: =IF(AND(OR(AND(G44-H44>0,L44-N44>0),AND(G44-H44<0,L44-N44<0),AND(G44-H44=0,L44-N44=0)),L44>-1,N44>-1),1,0) -> 0 | R44: =IF(AND(G44=L44,H44=N44,L44>-1,G44>-1),3,0) -> 0 | S44: =Q44+R44 -> 0
A45: Grupo F
A46: 9 | B46: 44888 | D46: Marruecos | G46: 1 | H46: 2 | I46: Croacia | L46: =OFICIAL!G41 -> 0 | M46: =OFICIAL!G41 -> 0 | N46: =OFICIAL!H41 -> 0 | O46: =OFICIAL!I41 -> Croacia | Q46: =IF(AND(OR(AND(G46-H46>0,L46-N46>0),AND(G46-H46<0,L46-N46<0),AND(G46-H46=0,L46-N46=0)),L46>-1,N46>-1),1,0) -> 0 | R46: =IF(AND(G46=L46,H46=N46,L46>-1,G46>-1),3,0) -> 0 | S46: =Q46+R46 -> 0
A47: 12 | B47: 44888 | D47: Bélgica | G47: 2 | H47: 0 | I47: Canadá | L47: =OFICIAL!G42 -> 0 | M47: =OFICIAL!G42 -> 0 | N47: =OFICIAL!H42 -> 0 | O47: =OFICIAL!I42 -> Canadá | Q47: =IF(AND(OR(AND(G47-H47>0,L47-N47>0),AND(G47-H47<0,L47-N47<0),AND(G47-H47=0,L47-N47=0)),L47>-1,N47>-1),1,0) -> 0 | R47: =IF(AND(G47=L47,H47=N47,L47>-1,G47>-1),3,0) -> 0 | S47: =Q47+R47 -> 0
A48: 26 | B48: 44892 | D48: Bélgica | G48: 1 | H48: 1 | I48: Marruecos | L48: =OFICIAL!G43 -> 0 | M48: =OFICIAL!G43 -> 0 | N48: =OFICIAL!H43 -> 0 | O48: =OFICIAL!I43 -> Marruecos | Q48: =IF(AND(OR(AND(G48-H48>0,L48-N48>0),AND(G48-H48<0,L48-N48<0),AND(G48-H48=0,L48-N48=0)),L48>-1,N48>-1),1,0) -> 1 | R48: =IF(AND(G48=L48,H48=N48,L48>-1,G48>-1),3,0) -> 0 | S48: =Q48+R48 -> 1
A49: 27 | B49: 44892 | D49: Croacia | G49: 3 | H49: 1 | I49: Canadá | L49: =OFICIAL!G44 -> 0 | M49: =OFICIAL!G44 -> 0 | N49: =OFICIAL!H44 -> 0 | O49: =OFICIAL!I44 -> Canadá | Q49: =IF(AND(OR(AND(G49-H49>0,L49-N49>0),AND(G49-H49<0,L49-N49<0),AND(G49-H49=0,L49-N49=0)),L49>-1,N49>-1),1,0) -> 0 | R49: =IF(AND(G49=L49,H49=N49,L49>-1,G49>-1),3,0) -> 0 | S49: =Q49+R49 -> 0
A50: 41 | B50: 44896 | D50: Croacia | G50: 1 | H50: 2 | I50: Bélgica | L50: =OFICIAL!G45 -> 0 | M50: =OFICIAL!G45 -> 0 | N50: =OFICIAL!H45 -> 0 | O50: =OFICIAL!I45 -> Bélgica | Q50: =IF(AND(OR(AND(G50-H50>0,L50-N50>0),AND(G50-H50<0,L50-N50<0),AND(G50-H50=0,L50-N50=0)),L50>-1,N50>-1),1,0) -> 0 | R50: =IF(AND(G50=L50,H50=N50,L50>-1,G50>-1),3,0) -> 0 | S50: =Q50+R50 -> 0
A51: 42 | B51: 44896 | D51: Canadá | G51: 1 | H51: 2 | I51: Marruecos | L51: =OFICIAL!G46 -> 0 | M51: =OFICIAL!G46 -> 0 | N51: =OFICIAL!H46 -> 0 | O51: =OFICIAL!I46 -> Marruecos | Q51: =IF(AND(OR(AND(G51-H51>0,L51-N51>0),AND(G51-H51<0,L51-N51<0),AND(G51-H51=0,L51-N51=0)),L51>-1,N51>-1),1,0) -> 0 | R51: =IF(AND(G51=L51,H51=N51,L51>-1,G51>-1),3,0) -> 0 | S51: =Q51+R51 -> 0
A52: Grupo G
A53: 13 | B53: 44889 | D53: Suiza | G53: 1 | H53: 1 | I53: Camerún | L53: =OFICIAL!G48 -> 0 | M53: =OFICIAL!G48 -> 0 | N53: =OFICIAL!H48 -> 0 | O53: =OFICIAL!I48 -> Camerún | Q53: =IF(AND(OR(AND(G53-H53>0,L53-N53>0),AND(G53-H53<0,L53-N53<0),AND(G53-H53=0,L53-N53=0)),L53>-1,N53>-1),1,0) -> 1 | R53: =IF(AND(G53=L53,H53=N53,L53>-1,G53>-1),3,0) -> 0 | S53: =Q53+R53 -> 1
A54: 16 | B54: 44889 | D54: Brasil | G54: 4 | H54: 0 | I54: Serbia | L54: =OFICIAL!G49 -> 0 | M54: =OFICIAL!G49 -> 0 | N54: =OFICIAL!H49 -> 0 | O54: =OFICIAL!I49 -> Serbia | Q54: =IF(AND(OR(AND(G54-H54>0,L54-N54>0),AND(G54-H54<0,L54-N54<0),AND(G54-H54=0,L54-N54=0)),L54>-1,N54>-1),1,0) -> 0 | R54: =IF(AND(G54=L54,H54=N54,L54>-1,G54>-1),3,0) -> 0 | S54: =Q54+R54 -> 0
A55: 29 | B55: 44893 | D55: Camerún | G55: 2 | H55: 2 | I55: Serbia | L55: =OFICIAL!G50 -> 0 | M55: =OFICIAL!G50 -> 0 | N55: =OFICIAL!H50 -> 0 | O55: =OFICIAL!I50 -> Serbia | Q55: =IF(AND(OR(AND(G55-H55>0,L55-N55>0),AND(G55-H55<0,L55-N55<0),AND(G55-H55=0,L55-N55=0)),L55>-1,N55>-1),1,0) -> 1 | R55: =IF(AND(G55=L55,H55=N55,L55>-1,G55>-1),3,0) -> 0 | S55: =Q55+R55 -> 1
A56: 31 | B56: 44893 | D56: Brasil | G56: 2 | H56: 1 | I56: Suiza | L56: =OFICIAL!G51 -> 0 | M56: =OFICIAL!G51 -> 0 | N56: =OFICIAL!H51 -> 0 | O56: =OFICIAL!I51 -> Suiza | Q56: =IF(AND(OR(AND(G56-H56>0,L56-N56>0),AND(G56-H56<0,L56-N56<0),AND(G56-H56=0,L56-N56=0)),L56>-1,N56>-1),1,0) -> 0 | R56: =IF(AND(G56=L56,H56=N56,L56>-1,G56>-1),3,0) -> 0 | S56: =Q56+R56 -> 0
A57: 47 | B57: 44897 | D57: Serbia | G57: 2 | H57: 3 | I57: Suiza | L57: =OFICIAL!G52 -> 0 | M57: =OFICIAL!G52 -> 0 | N57: =OFICIAL!H52 -> 0 | O57: =OFICIAL!I52 -> Suiza | Q57: =IF(AND(OR(AND(G57-H57>0,L57-N57>0),AND(G57-H57<0,L57-N57<0),AND(G57-H57=0,L57-N57=0)),L57>-1,N57>-1),1,0) -> 0 | R57: =IF(AND(G57=L57,H57=N57,L57>-1,G57>-1),3,0) -> 0 | S57: =Q57+R57 -> 0
A58: 48 | B58: 44897 | D58: Camerún | G58: 1 | H58: 3 | I58: Brasil | L58: =OFICIAL!G53 -> 0 | M58: =OFICIAL!G53 -> 0 | N58: =OFICIAL!H53 -> 0 | O58: =OFICIAL!I53 -> Brasil | Q58: =IF(AND(OR(AND(G58-H58>0,L58-N58>0),AND(G58-H58<0,L58-N58<0),AND(G58-H58=0,L58-N58=0)),L58>-1,N58>-1),1,0) -> 0 | R58: =IF(AND(G58=L58,H58=N58,L58>-1,G58>-1),3,0) -> 0 | S58: =Q58+R58 -> 0
A59: Grupo H
A60: 14 | B60: 44889 | D60: Uruguay | G60: 2 | H60: 1 | I60: Corea del Sur | L60: =OFICIAL!G55 -> 0 | M60: =OFICIAL!G55 -> 0 | N60: =OFICIAL!H55 -> 0 | O60: =OFICIAL!I55 -> Corea del Sur | Q60: =IF(AND(OR(AND(G60-H60>0,L60-N60>0),AND(G60-H60<0,L60-N60<0),AND(G60-H60=0,L60-N60=0)),L60>-1,N60>-1),1,0) -> 0 | R60: =IF(AND(G60=L60,H60=N60,L60>-1,G60>-1),3,0) -> 0 | S60: =Q60+R60 -> 0
A61: 15 | B61: 44889 | D61: Portugal | G61: 3 | H61: 0 | I61: Ghana | L61: =OFICIAL!G56 -> 0 | M61: =OFICIAL!G56 -> 0 | N61: =OFICIAL!H56 -> 0 | O61: =OFICIAL!I56 -> Ghana | Q61: =IF(AND(OR(AND(G61-H61>0,L61-N61>0),AND(G61-H61<0,L61-N61<0),AND(G61-H61=0,L61-N61=0)),L61>-1,N61>-1),1,0) -> 0 | R61: =IF(AND(G61=L61,H61=N61,L61>-1,G61>-1),3,0) -> 0 | S61: =Q61+R61 -> 0
A62: 30 | B62: 44893 | D62: Corea delSur | G62: 2 | H62: 1 | I62: Ghana | L62: =OFICIAL!G57 -> 0 | M62: =OFICIAL!G57 -> 0 | N62: =OFICIAL!H57 -> 0 | O62: =OFICIAL!I57 -> Ghana | Q62: =IF(AND(OR(AND(G62-H62>0,L62-N62>0),AND(G62-H62<0,L62-N62<0),AND(G62-H62=0,L62-N62=0)),L62>-1,N62>-1),1,0) -> 0 | R62: =IF(AND(G62=L62,H62=N62,L62>-1,G62>-1),3,0) -> 0 | S62: =Q62+R62 -> 0
A63: 32 | B63: 44893 | D63: Portugal | G63: 2 | H63: 2 | I63: Uruguay | L63: =OFICIAL!G58 -> 0 | M63: =OFICIAL!G58 -> 0 | N63: =OFICIAL!H58 -> 0 | O63: =OFICIAL!I58 -> Uruguay | Q63: =IF(AND(OR(AND(G63-H63>0,L63-N63>0),AND(G63-H63<0,L63-N63<0),AND(G63-H63=0,L63-N63=0)),L63>-1,N63>-1),1,0) -> 1 | R63: =IF(AND(G63=L63,H63=N63,L63>-1,G63>-1),3,0) -> 0 | S63: =Q63+R63 -> 1
A64: 45 | B64: 44897 | D64: Corea delSur | G64: 0 | H64: 2 | I64: Portugal | L64: =OFICIAL!G59 -> 0 | M64: =OFICIAL!G59 -> 0 | N64: =OFICIAL!H59 -> 0 | O64: =OFICIAL!I59 -> Portugal | Q64: =IF(AND(OR(AND(G64-H64>0,L64-N64>0),AND(G64-H64<0,L64-N64<0),AND(G64-H64=0,L64-N64=0)),L64>-1,N64>-1),1,0) -> 0 | R64: =IF(AND(G64=L64,H64=N64,L64>-1,G64>-1),3,0) -> 0 | S64: =Q64+R64 -> 0
A65: 46 | B65: 44897 | D65: Ghana | G65: 1 | H65: 3 | I65: Uruguay | L65: =OFICIAL!G60 -> 0 | M65: =OFICIAL!G60 -> 0 | N65: =OFICIAL!H60 -> 0 | O65: =OFICIAL!I60 -> Uruguay | Q65: =IF(AND(OR(AND(G65-H65>0,L65-N65>0),AND(G65-H65<0,L65-N65<0),AND(G65-H65=0,L65-N65=0)),L65>-1,N65>-1),1,0) -> 0 | R65: =IF(AND(G65=L65,H65=N65,L65>-1,G65>-1),3,0) -> 0 | S65: =Q65+R65 -> 0
B68: TOTAL PUNTOS PRIMERA FASE | Q68: =SUM(S11:S65) -> 11
A70: OTRAS FASES | C70: (Marque con una X, cada fase
C71: que cree que superará cada selección)
A72: Fases | C72: 8F | D72: 4F | E72: SF | F72: F
A73: Equipos a marcar | C73: 16 | D73: 8 | E73: 4 | F73: 2 | S73: Total
A74: Puntos por acierto | C74: 1 | D74: 2 | E74: 5 | F74: 8 | L74: Pts
L75: 8F | M75: 4F | N75: SF | O75: F
A76: 1 | B76: Qatar | L76: =IF(AND(C76=OFICIAL!C70,OFICIAL!C70="X"),1,0) -> 0 | M76: =IF(AND(D76=OFICIAL!D70,OFICIAL!D70="X"),2,0) -> 0 | N76: =IF(AND(E76=OFICIAL!E70,OFICIAL!E70="X"),5,0) -> 0 | O76: =IF(AND(F76=OFICIAL!F70,OFICIAL!F70="X"),8,0) -> 0 | S76: =SUM(L76:O76) -> 0
A77: 2 | B77: Ecuador | L77: =IF(AND(C77=OFICIAL!C71,OFICIAL!C71="X"),1,0) -> 0 | M77: =IF(AND(D77=OFICIAL!D71,OFICIAL!D71="X"),2,0) -> 0 | N77: =IF(AND(E77=OFICIAL!E71,OFICIAL!E71="X"),5,0) -> 0 | O77: =IF(AND(F77=OFICIAL!F71,OFICIAL!F71="X"),8,0) -> 0 | S77: =SUM(L77:O77) -> 0
A78: 3 | B78: Senegal | C78: X | L78: =IF(AND(C78=OFICIAL!C72,OFICIAL!C72="X"),1,0) -> 0 | M78: =IF(AND(D78=OFICIAL!D72,OFICIAL!D72="X"),2,0) -> 0 | N78: =IF(AND(E78=OFICIAL!E72,OFICIAL!E72="X"),5,0) -> 0 | O78: =IF(AND(F78=OFICIAL!F72,OFICIAL!F72="X"),8,0) -> 0 | S78: =SUM(L78:O78) -> 0
A79: 4 | B79: Países Bajos | C79: X | D79: X | L79: =IF(AND(C79=OFICIAL!C73,OFICIAL!C73="X"),1,0) -> 0 | M79: =IF(AND(D79=OFICIAL!D73,OFICIAL!D73="X"),2,0) -> 0 | N79: =IF(AND(E79=OFICIAL!E73,OFICIAL!E73="X"),5,0) -> 0 | O79: =IF(AND(F79=OFICIAL!F73,OFICIAL!F73="X"),8,0) -> 0 | S79: =SUM(L79:O79) -> 0
A80: 5 | B80: Inglaterra | C80: X | D80: X | L80: =IF(AND(C80=OFICIAL!C74,OFICIAL!C74="X"),1,0) -> 0 | M80: =IF(AND(D80=OFICIAL!D74,OFICIAL!D74="X"),2,0) -> 0 | N80: =IF(AND(E80=OFICIAL!E74,OFICIAL!E74="X"),5,0) -> 0 | O80: =IF(AND(F80=OFICIAL!F74,OFICIAL!F74="X"),8,0) -> 0 | S80: =SUM(L80:O80) -> 0
A81: 6 | B81: Irán | L81: =IF(AND(C81=OFICIAL!C75,OFICIAL!C75="X"),1,0) -> 0 | M81: =IF(AND(D81=OFICIAL!D75,OFICIAL!D75="X"),2,0) -> 0 | N81: =IF(AND(E81=OFICIAL!E75,OFICIAL!E75="X"),5,0) -> 0 | O81: =IF(AND(F81=OFICIAL!F75,OFICIAL!F75="X"),8,0) -> 0 | S81: =SUM(L81:O81) -> 0
A82: 7 | B82: USA | L82: =IF(AND(C82=OFICIAL!C76,OFICIAL!C76="X"),1,0) -> 0 | M82: =IF(AND(D82=OFICIAL!D76,OFICIAL!D76="X"),2,0) -> 0 | N82: =IF(AND(E82=OFICIAL!E76,OFICIAL!E76="X"),5,0) -> 0 | O82: =IF(AND(F82=OFICIAL!F76,OFICIAL!F76="X"),8,0) -> 0 | S82: =SUM(L82:O82) -> 0
A83: 8 | B83: Gales | C83: X | L83: =IF(AND(C83=OFICIAL!C77,OFICIAL!C77="X"),1,0) -> 0 | M83: =IF(AND(D83=OFICIAL!D77,OFICIAL!D77="X"),2,0) -> 0 | N83: =IF(AND(E83=OFICIAL!E77,OFICIAL!E77="X"),5,0) -> 0 | O83: =IF(AND(F83=OFICIAL!F77,OFICIAL!F77="X"),8,0) -> 0 | S83: =SUM(L83:O83) -> 0
A84: 9 | B84: Argentina | C84: X | D84: X | E84: X | F84: X | L84: =IF(AND(C84=OFICIAL!C78,OFICIAL!C78="X"),1,0) -> 0 | M84: =IF(AND(D84=OFICIAL!D78,OFICIAL!D78="X"),2,0) -> 0 | N84: =IF(AND(E84=OFICIAL!E78,OFICIAL!E78="X"),5,0) -> 0 | O84: =IF(AND(F84=OFICIAL!F78,OFICIAL!F78="X"),8,0) -> 0 | S84: =SUM(L84:O84) -> 0
A85: 10 | B85: Arabia Saudí | L85: =IF(AND(C85=OFICIAL!C79,OFICIAL!C79="X"),1,0) -> 0 | M85: =IF(AND(D85=OFICIAL!D79,OFICIAL!D79="X"),2,0) -> 0 | N85: =IF(AND(E85=OFICIAL!E79,OFICIAL!E79="X"),5,0) -> 0 | O85: =IF(AND(F85=OFICIAL!F79,OFICIAL!F79="X"),8,0) -> 0 | S85: =SUM(L85:O85) -> 0
A86: 11 | B86: México | C86: X | L86: =IF(AND(C86=OFICIAL!C80,OFICIAL!C80="X"),1,0) -> 0 | M86: =IF(AND(D86=OFICIAL!D80,OFICIAL!D80="X"),2,0) -> 0 | N86: =IF(AND(E86=OFICIAL!E80,OFICIAL!E80="X"),5,0) -> 0 | O86: =IF(AND(F86=OFICIAL!F80,OFICIAL!F80="X"),8,0) -> 0 | S86: =SUM(L86:O86) -> 0
A87: 12 | B87: Polonia | L87: =IF(AND(C87=OFICIAL!C81,OFICIAL!C81="X"),1,0) -> 0 | M87: =IF(AND(D87=OFICIAL!D81,OFICIAL!D81="X"),2,0) -> 0 | N87: =IF(AND(E87=OFICIAL!E81,OFICIAL!E81="X"),5,0) -> 0 | O87: =IF(AND(F87=OFICIAL!F81,OFICIAL!F81="X"),8,0) -> 0 | S87: =SUM(L87:O87) -> 0
A88: 13 | B88: Francia | C88: X | D88: X | E88: X | F88: X | L88: =IF(AND(C88=OFICIAL!C82,OFICIAL!C82="X"),1,0) -> 0 | M88: =IF(AND(D88=OFICIAL!D82,OFICIAL!D82="X"),2,0) -> 0 | N88: =IF(AND(E88=OFICIAL!E82,OFICIAL!E82="X"),5,0) -> 0 | O88: =IF(AND(F88=OFICIAL!F82,OFICIAL!F82="X"),8,0) -> 0 | S88: =SUM(L88:O88) -> 0
A89: 14 | B89: Australia | L89: =IF(AND(C89=OFICIAL!C83,OFICIAL!C83="X"),1,0) -> 0 | M89: =IF(AND(D89=OFICIAL!D83,OFICIAL!D83="X"),2,0) -> 0 | N89: =IF(AND(E89=OFICIAL!E83,OFICIAL!E83="X"),5,0) -> 0 | O89: =IF(AND(F89=OFICIAL!F83,OFICIAL!F83="X"),8,0) -> 0 | S89: =SUM(L89:O89) -> 0
A90: 15 | B90: Dinamarca | C90: X | L90: =IF(AND(C90=OFICIAL!C84,OFICIAL!C84="X"),1,0) -> 0 | M90: =IF(AND(D90=OFICIAL!D84,OFICIAL!D84="X"),2,0) -> 0 | N90: =IF(AND(E90=OFICIAL!E84,OFICIAL!E84="X"),5,0) -> 0 | O90: =IF(AND(F90=OFICIAL!F84,OFICIAL!F84="X"),8,0) -> 0 | S90: =SUM(L90:O90) -> 0
A91: 16 | B91: Túnez | L91: =IF(AND(C91=OFICIAL!C85,OFICIAL!C85="X"),1,0) -> 0 | M91: =IF(AND(D91=OFICIAL!D85,OFICIAL!D85="X"),2,0) -> 0 | N91: =IF(AND(E91=OFICIAL!E85,OFICIAL!E85="X"),5,0) -> 0 | O91: =IF(AND(F91=OFICIAL!F85,OFICIAL!F85="X"),8,0) -> 0 | S91: =SUM(L91:O91) -> 0
A92: 17 | B92: España | C92: X | D92: X | E92: X | L92: =IF(AND(C92=OFICIAL!C86,OFICIAL!C86="X"),1,0) -> 0 | M92: =IF(AND(D92=OFICIAL!D86,OFICIAL!D86="X"),2,0) -> 0 | N92: =IF(AND(E92=OFICIAL!E86,OFICIAL!E86="X"),5,0) -> 0 | O92: =IF(AND(F92=OFICIAL!F86,OFICIAL!F86="X"),8,0) -> 0 | S92: =SUM(L92:O92) -> 0
A93: 18 | B93: Costa Rica | L93: =IF(AND(C93=OFICIAL!C87,OFICIAL!C87="X"),1,0) -> 0 | M93: =IF(AND(D93=OFICIAL!D87,OFICIAL!D87="X"),2,0) -> 0 | N93: =IF(AND(E93=OFICIAL!E87,OFICIAL!E87="X"),5,0) -> 0 | O93: =IF(AND(F93=OFICIAL!F87,OFICIAL!F87="X"),8,0) -> 0 | S93: =SUM(L93:O93) -> 0
A94: 19 | B94: Alemania | C94: X | D94: X | L94: =IF(AND(C94=OFICIAL!C88,OFICIAL!C88="X"),1,0) -> 0 | M94: =IF(AND(D94=OFICIAL!D88,OFICIAL!D88="X"),2,0) -> 0 | N94: =IF(AND(E94=OFICIAL!E88,OFICIAL!E88="X"),5,0) -> 0 | O94: =IF(AND(F94=OFICIAL!F88,OFICIAL!F88="X"),8,0) -> 0 | S94: =SUM(L94:O94) -> 0
A95: 20 | B95: Japón | L95: =IF(AND(C95=OFICIAL!C89,OFICIAL!C89="X"),1,0) -> 0 | M95: =IF(AND(D95=OFICIAL!D89,OFICIAL!D89="X"),2,0) -> 0 | N95: =IF(AND(E95=OFICIAL!E89,OFICIAL!E89="X"),5,0) -> 0 | O95: =IF(AND(F95=OFICIAL!F89,OFICIAL!F89="X"),8,0) -> 0 | S95: =SUM(L95:O95) -> 0
A96: 21 | B96: Bélgica | C96: X | L96: =IF(AND(C96=OFICIAL!C90,OFICIAL!C90="X"),1,0) -> 0 | M96: =IF(AND(D96=OFICIAL!D90,OFICIAL!D90="X"),2,0) -> 0 | N96: =IF(AND(E96=OFICIAL!E90,OFICIAL!E90="X"),5,0) -> 0 | O96: =IF(AND(F96=OFICIAL!F90,OFICIAL!F90="X"),8,0) -> 0 | S96: =SUM(L96:O96) -> 0
A97: 22 | B97: Canadá | L97: =IF(AND(C97=OFICIAL!C91,OFICIAL!C91="X"),1,0) -> 0 | M97: =IF(AND(D97=OFICIAL!D91,OFICIAL!D91="X"),2,0) -> 0 | N97: =IF(AND(E97=OFICIAL!E91,OFICIAL!E91="X"),5,0) -> 0 | O97: =IF(AND(F97=OFICIAL!F91,OFICIAL!F91="X"),8,0) -> 0 | S97: =SUM(L97:O97) -> 0
A98: 23 | B98: Marruecos | L98: =IF(AND(C98=OFICIAL!C92,OFICIAL!C92="X"),1,0) -> 0 | M98: =IF(AND(D98=OFICIAL!D92,OFICIAL!D92="X"),2,0) -> 0 | N98: =IF(AND(E98=OFICIAL!E92,OFICIAL!E92="X"),5,0) -> 0 | O98: =IF(AND(F98=OFICIAL!F92,OFICIAL!F92="X"),8,0) -> 0 | S98: =SUM(L98:O98) -> 0
A99: 24 | B99: Croacia | C99: X | L99: =IF(AND(C99=OFICIAL!C93,OFICIAL!C93="X"),1,0) -> 0 | M99: =IF(AND(D99=OFICIAL!D93,OFICIAL!D93="X"),2,0) -> 0 | N99: =IF(AND(E99=OFICIAL!E93,OFICIAL!E93="X"),5,0) -> 0 | O99: =IF(AND(F99=OFICIAL!F93,OFICIAL!F93="X"),8,0) -> 0 | S99: =SUM(L99:O99) -> 0
A100: 25 | B100: Brasil | C100: X | D100: X | E100: X | L100: =IF(AND(C100=OFICIAL!C94,OFICIAL!C94="X"),1,0) -> 0 | M100: =IF(AND(D100=OFICIAL!D94,OFICIAL!D94="X"),2,0) -> 0 | N100: =IF(AND(E100=OFICIAL!E94,OFICIAL!E94="X"),5,0) -> 0 | O100: =IF(AND(F100=OFICIAL!F94,OFICIAL!F94="X"),8,0) -> 0 | S100: =SUM(L100:O100) -> 0
A101: 26 | B101: Serbia | L101: =IF(AND(C101=OFICIAL!C95,OFICIAL!C95="X"),1,0) -> 0 | M101: =IF(AND(D101=OFICIAL!D95,OFICIAL!D95="X"),2,0) -> 0 | N101: =IF(AND(E101=OFICIAL!E95,OFICIAL!E95="X"),5,0) -> 0 | O101: =IF(AND(F101=OFICIAL!F95,OFICIAL!F95="X"),8,0) -> 0 | S101: =SUM(L101:O101) -> 0
A102: 27 | B102: Suiza | C102: X | L102: =IF(AND(C102=OFICIAL!C96,OFICIAL!C96="X"),1,0) -> 0 | M102: =IF(AND(D102=OFICIAL!D96,OFICIAL!D96="X"),2,0) -> 0 | N102: =IF(AND(E102=OFICIAL!E96,OFICIAL!E96="X"),5,0) -> 0 | O102: =IF(AND(F102=OFICIAL!F96,OFICIAL!F96="X"),8,0) -> 0 | S102: =SUM(L102:O102) -> 0
A103: 28 | B103: Camerún | L103: =IF(AND(C103=OFICIAL!C97,OFICIAL!C97="X"),1,0) -> 0 | M103: =IF(AND(D103=OFICIAL!D97,OFICIAL!D97="X"),2,0) -> 0 | N103: =IF(AND(E103=OFICIAL!E97,OFICIAL!E97="X"),5,0) -> 0 | O103: =IF(AND(F103=OFICIAL!F97,OFICIAL!F97="X"),8,0) -> 0 | S103: =SUM(L103:O103) -> 0
A104: 29 | B104: Portugal | C104: X | D104: X | L104: =IF(AND(C104=OFICIAL!C98,OFICIAL!C98="X"),1,0) -> 0 | M104: =IF(AND(D104=OFICIAL!D98,OFICIAL!D98="X"),2,0) -> 0 | N104: =IF(AND(E104=OFICIAL!E98,OFICIAL!E98="X"),5,0) -> 0 | O104: =IF(AND(F104=OFICIAL!F98,OFICIAL!F98="X"),8,0) -> 0 | S104: =SUM(L104:O104) -> 0
A105: 30 | B105: Ghana | L105: =IF(AND(C105=OFICIAL!C99,OFICIAL!C99="X"),1,0) -> 0 | M105: =IF(AND(D105=OFICIAL!D99,OFICIAL!D99="X"),2,0) -> 0 | N105: =IF(AND(E105=OFICIAL!E99,OFICIAL!E99="X"),5,0) -> 0 | O105: =IF(AND(F105=OFICIAL!F99,OFICIAL!F99="X"),8,0) -> 0 | S105: =SUM(L105:O105) -> 0
...

Sheet ESS
B1: MUNDIAL DE FÚTBOL QATAR 2022 | O1: Premios | Q1: 1 Puesto | S1: 0.7
B2: Escribir solo en las cajas | E2: VERDES | L2: 5 | M2: E | Q2: 2 Puesto | S2: 0.2
B3: No toque ni re formatee nada | Q3: 3 Puesto | S3: 0.1
B5: PARTICIPANTE: | C5: EMILIO SOLIS | L5: Resultado: 1 Pt | Q5: No tocar Columnas
L6: Exacto: 4 Pts | Q6: Naranjas
A8: Partido | B8: Fecha | G8: Resultado | L8: Resultado | Q8: Pts
G9: Suyo | L9: Real | Q9: Resu | R9: Exac | S9: Total
A10: Grupo A
A11: 1 | B11: 44885 | D11: Qatar | G11: 1 | H11: 2 | I11: Ecuador | L11: =OFICIAL!G6 -> 0 | M11: =OFICIAL!G6 -> 0 | N11: =OFICIAL!H6 -> 2 | O11: =OFICIAL!I6 -> Ecuador | Q11: =IF(AND(OR(AND(G11-H11>0,L11-N11>0),AND(G11-H11<0,L11-N11<0),AND(G11-H11=0,L11-N11=0)),L11>-1,N11>-1),1,0) -> 1 | R11: =IF(AND(G11=L11,H11=N11,L11>-1,G11>-1),3,0) -> 0 | S11: =Q11+R11 -> 1
A12: 3 | B12: 44886 | D12: Senegal | G12: 0 | H12: 2 | I12: Países Bajos | L12: =OFICIAL!G7 -> 0 | M12: =OFICIAL!G7 -> 0 | N12: =OFICIAL!H7 -> 0 | O12: =OFICIAL!I7 -> Países Bajos | Q12: =IF(AND(OR(AND(G12-H12>0,L12-N12>0),AND(G12-H12<0,L12-N12<0),AND(G12-H12=0,L12-N12=0)),L12>-1,N12>-1),1,0) -> 0 | R12: =IF(AND(G12=L12,H12=N12,L12>-1,G12>-1),3,0) -> 0 | S12: =Q12+R12 -> 0
A13: 18 | B13: 44890 | D13: Qatar | G13: 1 | H13: 1 | I13: Senegal | L13: =OFICIAL!G8 -> 0 | M13: =OFICIAL!G8 -> 0 | N13: =OFICIAL!H8 -> 0 | O13: =OFICIAL!I8 -> Senegal | Q13: =IF(AND(OR(AND(G13-H13>0,L13-N13>0),AND(G13-H13<0,L13-N13<0),AND(G13-H13=0,L13-N13=0)),L13>-1,N13>-1),1,0) -> 1 | R13: =IF(AND(G13=L13,H13=N13,L13>-1,G13>-1),3,0) -> 0 | S13: =Q13+R13 -> 1
A14: 19 | B14: 44890 | D14: Países Bajos | G14: 2 | H14: 0 | I14: Ecuador | L14: =OFICIAL!G9 -> 0 | M14: =OFICIAL!G9 -> 0 | N14: =OFICIAL!H9 -> 0 | O14: =OFICIAL!I9 -> Ecuador | Q14: =IF(AND(OR(AND(G14-H14>0,L14-N14>0),AND(G14-H14<0,L14-N14<0),AND(G14-H14=0,L14-N14=0)),L14>-1,N14>-1),1,0) -> 0 | R14: =IF(AND(G14=L14,H14=N14,L14>-1,G14>-1),3,0) -> 0 | S14: =Q14+R14 -> 0
A15: 33 | B15: 44894 | D15: Países Bajos | G15: 3 | H15: 1 | I15: Qatar | L15: =OFICIAL!G10 -> 0 | M15: =OFICIAL!G10 -> 0 | N15: =OFICIAL!H10 -> 0 | O15: =OFICIAL!I10 -> Qatar | Q15: =IF(AND(OR(AND(G15-H15>0,L15-N15>0),AND(G15-H15<0,L15-N15<0),AND(G15-H15=0,L15-N15=0)),L15>-1,N15>-1),1,0) -> 0 | R15: =IF(AND(G15=L15,H15=N15,L15>-1,G15>-1),3,0) -> 0 | S15: =Q15+R15 -> 0
A16: 34 | B16: 44894 | D16: Ecuador | G16: 2 | H16: 0 | I16: Senegal | L16: =OFICIAL!G11 -> 0 | M16: =OFICIAL!G11 -> 0 | N16: =OFICIAL!H11 -> 0 | O16: =OFICIAL!I11 -> Senegal | Q16: =IF(AND(OR(AND(G16-H16>0,L16-N16>0),AND(G16-H16<0,L16-N16<0),AND(G16-H16=0,L16-N16=0)),L16>-1,N16>-1),1,0) -> 0 | R16: =IF(AND(G16=L16,H16=N16,L16>-1,G16>-1),3,0) -> 0 | S16: =Q16+R16 -> 0
A17: Grupo B
A18: 2 | B18: 44886 | D18: Inglaterra | G18: 2 | H18: 1 | I18: Irán | L18: =OFICIAL!G13 -> 0 | M18: =OFICIAL!G13 -> 0 | N18: =OFICIAL!H13 -> 0 | O18: =OFICIAL!I13 -> Irán | Q18: =IF(AND(OR(AND(G18-H18>0,L18-N18>0),AND(G18-H18<0,L18-N18<0),AND(G18-H18=0,L18-N18=0)),L18>-1,N18>-1),1,0) -> 0 | R18: =IF(AND(G18=L18,H18=N18,L18>-1,G18>-1),3,0) -> 0 | S18: =Q18+R18 -> 0
A19: 4 | B19: 44886 | D19: USA | G19: 1 | H19: 1 | I19: Gales | L19: =OFICIAL!G14 -> 0 | M19: =OFICIAL!G14 -> 0 | N19: =OFICIAL!H14 -> 0 | O19: =OFICIAL!I14 -> Gales | Q19: =IF(AND(OR(AND(G19-H19>0,L19-N19>0),AND(G19-H19<0,L19-N19<0),AND(G19-H19=0,L19-N19=0)),L19>-1,N19>-1),1,0) -> 1 | R19: =IF(AND(G19=L19,H19=N19,L19>-1,G19>-1),3,0) -> 0 | S19: =Q19+R19 -> 1
A20: 17 | B20: 44890 | D20: Gales | G20: 1 | H20: 0 | I20: Irán | L20: =OFICIAL!G15 -> 0 | M20: =OFICIAL!G15 -> 0 | N20: =OFICIAL!H15 -> 0 | O20: =OFICIAL!I15 -> Irán | Q20: =IF(AND(OR(AND(G20-H20>0,L20-N20>0),AND(G20-H20<0,L20-N20<0),AND(G20-H20=0,L20-N20=0)),L20>-1,N20>-1),1,0) -> 0 | R20: =IF(AND(G20=L20,H20=N20,L20>-1,G20>-1),3,0) -> 0 | S20: =Q20+R20 -> 0
A21: 20 | B21: 44890 | D21: Inglaterra | G21: 2 | H21: 1 | I21: USA | L21: =OFICIAL!G16 -> 0 | M21: =OFICIAL!G16 -> 0 | N21: =OFICIAL!H16 -> 0 | O21: =OFICIAL!I16 -> USA | Q21: =IF(AND(OR(AND(G21-H21>0,L21-N21>0),AND(G21-H21<0,L21-N21<0),AND(G21-H21=0,L21-N21=0)),L21>-1,N21>-1),1,0) -> 0 | R21: =IF(AND(G21=L21,H21=N21,L21>-1,G21>-1),3,0) -> 0 | S21: =Q21+R21 -> 0
A22: 35 | B22: 44894 | D22: Gales | G22: 1 | H22: 1 | I22: Inglaterra | L22: =OFICIAL!G17 -> 0 | M22: =OFICIAL!G17 -> 0 | N22: =OFICIAL!H17 -> 0 | O22: =OFICIAL!I17 -> Inglaterra | Q22: =IF(AND(OR(AND(G22-H22>0,L22-N22>0),AND(G22-H22<0,L22-N22<0),AND(G22-H22=0,L22-N22=0)),L22>-1,N22>-1),1,0) -> 1 | R22: =IF(AND(G22=L22,H22=N22,L22>-1,G22>-1),3,0) -> 0 | S22: =Q22+R22 -> 1
A23: 36 | B23: 44894 | D23: Irán | G23: 1 | H23: 4 | I23: USA | L23: =OFICIAL!G18 -> 0 | M23: =OFICIAL!G18 -> 0 | N23: =OFICIAL!H18 -> 0 | O23: =OFICIAL!I18 -> USA | Q23: =IF(AND(OR(AND(G23-H23>0,L23-N23>0),AND(G23-H23<0,L23-N23<0),AND(G23-H23=0,L23-N23=0)),L23>-1,N23>-1),1,0) -> 0 | R23: =IF(AND(G23=L23,H23=N23,L23>-1,G23>-1),3,0) -> 0 | S23: =Q23+R23 -> 0
A24: Grupo C
A25: 5 | B25: 44887 | D25: Argentina | G25: 5 | H25: 0 | I25: Arabia Saudí | L25: =OFICIAL!G20 -> 0 | M25: =OFICIAL!G20 -> 0 | N25: =OFICIAL!H20 -> 0 | O25: =OFICIAL!I20 -> Arabia Saudí | Q25: =IF(AND(OR(AND(G25-H25>0,L25-N25>0),AND(G25-H25<0,L25-N25<0),AND(G25-H25=0,L25-N25=0)),L25>-1,N25>-1),1,0) -> 0 | R25: =IF(AND(G25=L25,H25=N25,L25>-1,G25>-1),3,0) -> 0 | S25: =Q25+R25 -> 0
A26: 7 | B26: 44887 | D26: México | G26: 0 | H26: 1 | I26: Polonia | L26: =OFICIAL!G21 -> 0 | M26: =OFICIAL!G21 -> 0 | N26: =OFICIAL!H21 -> 0 | O26: =OFICIAL!I21 -> Polonia | Q26: =IF(AND(OR(AND(G26-H26>0,L26-N26>0),AND(G26-H26<0,L26-N26<0),AND(G26-H26=0,L26-N26=0)),L26>-1,N26>-1),1,0) -> 0 | R26: =IF(AND(G26=L26,H26=N26,L26>-1,G26>-1),3,0) -> 0 | S26: =Q26+R26 -> 0
A27: 22 | B27: 44891 | D27: Polonia | G27: 1 | H27: 0 | I27: Arabia Saudí | L27: =OFICIAL!G22 -> 0 | M27: =OFICIAL!G22 -> 0 | N27: =OFICIAL!H22 -> 0 | O27: =OFICIAL!I22 -> Arabia Saudí | Q27: =IF(AND(OR(AND(G27-H27>0,L27-N27>0),AND(G27-H27<0,L27-N27<0),AND(G27-H27=0,L27-N27=0)),L27>-1,N27>-1),1,0) -> 0 | R27: =IF(AND(G27=L27,H27=N27,L27>-1,G27>-1),3,0) -> 0 | S27: =Q27+R27 -> 0
A28: 24 | B28: 44891 | D28: Argentina | G28: 2 | H28: 0 | I28: México | L28: =OFICIAL!G23 -> 0 | M28: =OFICIAL!G23 -> 0 | N28: =OFICIAL!H23 -> 0 | O28: =OFICIAL!I23 -> México | Q28: =IF(AND(OR(AND(G28-H28>0,L28-N28>0),AND(G28-H28<0,L28-N28<0),AND(G28-H28=0,L28-N28=0)),L28>-1,N28>-1),1,0) -> 0 | R28: =IF(AND(G28=L28,H28=N28,L28>-1,G28>-1),3,0) -> 0 | S28: =Q28+R28 -> 0
A29: 39 | B29: 44895 | D29: Arabia Saudí | G29: 1 | H29: 2 | I29: México | L29: =OFICIAL!G24 -> 0 | M29: =OFICIAL!G24 -> 0 | N29: =OFICIAL!H24 -> 0 | O29: =OFICIAL!I24 -> México | Q29: =IF(AND(OR(AND(G29-H29>0,L29-N29>0),AND(G29-H29<0,L29-N29<0),AND(G29-H29=0,L29-N29=0)),L29>-1,N29>-1),1,0) -> 0 | R29: =IF(AND(G29=L29,H29=N29,L29>-1,G29>-1),3,0) -> 0 | S29: =Q29+R29 -> 0
A30: 40 | B30: 44895 | D30: Polonia | G30: 1 | H30: 3 | I30: Argentina | L30: =OFICIAL!G25 -> 0 | M30: =OFICIAL!G25 -> 0 | N30: =OFICIAL!H25 -> 0 | O30: =OFICIAL!I25 -> Argentina | Q30: =IF(AND(OR(AND(G30-H30>0,L30-N30>0),AND(G30-H30<0,L30-N30<0),AND(G30-H30=0,L30-N30=0)),L30>-1,N30>-1),1,0) -> 0 | R30: =IF(AND(G30=L30,H30=N30,L30>-1,G30>-1),3,0) -> 0 | S30: =Q30+R30 -> 0
A31: Grupo D
A32: 6 | B32: 44887 | D32: Dinamarca | G32: 2 | H32: 0 | I32: Túnez | L32: =OFICIAL!G27 -> 0 | M32: =OFICIAL!G27 -> 0 | N32: =OFICIAL!H27 -> 0 | O32: =OFICIAL!I27 -> Túnez | Q32: =IF(AND(OR(AND(G32-H32>0,L32-N32>0),AND(G32-H32<0,L32-N32<0),AND(G32-H32=0,L32-N32=0)),L32>-1,N32>-1),1,0) -> 0 | R32: =IF(AND(G32=L32,H32=N32,L32>-1,G32>-1),3,0) -> 0 | S32: =Q32+R32 -> 0
A33: 8 | B33: 44887 | D33: Francia | G33: 3 | H33: 0 | I33: Australia | L33: =OFICIAL!G28 -> 0 | M33: =OFICIAL!G28 -> 0 | N33: =OFICIAL!H28 -> 0 | O33: =OFICIAL!I28 -> Australia | Q33: =IF(AND(OR(AND(G33-H33>0,L33-N33>0),AND(G33-H33<0,L33-N33<0),AND(G33-H33=0,L33-N33=0)),L33>-1,N33>-1),1,0) -> 0 | R33: =IF(AND(G33=L33,H33=N33,L33>-1,G33>-1),3,0) -> 0 | S33: =Q33+R33 -> 0
A34: 21 | B34: 44891 | D34: Túnez | G34: 1 | H34: 1 | I34: Australia | L34: =OFICIAL!G29 -> 0 | M34: =OFICIAL!G29 -> 0 | N34: =OFICIAL!H29 -> 0 | O34: =OFICIAL!I29 -> Australia | Q34: =IF(AND(OR(AND(G34-H34>0,L34-N34>0),AND(G34-H34<0,L34-N34<0),AND(G34-H34=0,L34-N34=0)),L34>-1,N34>-1),1,0) -> 1 | R34: =IF(AND(G34=L34,H34=N34,L34>-1,G34>-1),3,0) -> 0 | S34: =Q34+R34 -> 1
A35: 23 | B35: 44891 | D35: Francia | G35: 0 | H35: 1 | I35: Dinamarca | L35: =OFICIAL!G30 -> 0 | M35: =OFICIAL!G30 -> 0 | N35: =OFICIAL!H30 -> 0 | O35: =OFICIAL!I30 -> Dinamarca | Q35: =IF(AND(OR(AND(G35-H35>0,L35-N35>0),AND(G35-H35<0,L35-N35<0),AND(G35-H35=0,L35-N35=0)),L35>-1,N35>-1),1,0) -> 0 | R35: =IF(AND(G35=L35,H35=N35,L35>-1,G35>-1),3,0) -> 0 | S35: =Q35+R35 -> 0
A36: 37 | B36: 44895 | D36: Túnez | G36: 0 | H36: 2 | I36: Francia | L36: =OFICIAL!G31 -> 0 | M36: =OFICIAL!G31 -> 0 | N36: =OFICIAL!H31 -> 0 | O36: =OFICIAL!I31 -> Francia | Q36: =IF(AND(OR(AND(G36-H36>0,L36-N36>0),AND(G36-H36<0,L36-N36<0),AND(G36-H36=0,L36-N36=0)),L36>-1,N36>-1),1,0) -> 0 | R36: =IF(AND(G36=L36,H36=N36,L36>-1,G36>-1),3,0) -> 0 | S36: =Q36+R36 -> 0
A37: 38 | B37: 44895 | D37: Australia | G37: 0 | H37: 3 | I37: Dinamarca | L37: =OFICIAL!G32 -> 0 | M37: =OFICIAL!G32 -> 0 | N37: =OFICIAL!H32 -> 0 | O37: =OFICIAL!I32 -> Dinamarca | Q37: =IF(AND(OR(AND(G37-H37>0,L37-N37>0),AND(G37-H37<0,L37-N37<0),AND(G37-H37=0,L37-N37=0)),L37>-1,N37>-1),1,0) -> 0 | R37: =IF(AND(G37=L37,H37=N37,L37>-1,G37>-1),3,0) -> 0 | S37: =Q37+R37 -> 0
A38: Grupo E
A39: 10 | B39: 44888 | D39: Alemania | G39: 2 | H39: 0 | I39: Japón | L39: =OFICIAL!G34 -> 0 | M39: =OFICIAL!G34 -> 0 | N39: =OFICIAL!H34 -> 0 | O39: =OFICIAL!I34 -> Japón | Q39: =IF(AND(OR(AND(G39-H39>0,L39-N39>0),AND(G39-H39<0,L39-N39<0),AND(G39-H39=0,L39-N39=0)),L39>-1,N39>-1),1,0) -> 0 | R39: =IF(AND(G39=L39,H39=N39,L39>-1,G39>-1),3,0) -> 0 | S39: =Q39+R39 -> 0
A40: 11 | B40: 44888 | D40: España | G40: 2 | H40: 1 | I40: Costa Rica | L40: =OFICIAL!G35 -> 0 | M40: =OFICIAL!G35 -> 0 | N40: =OFICIAL!H35 -> 0 | O40: =OFICIAL!I35 -> Costa Rica | Q40: =IF(AND(OR(AND(G40-H40>0,L40-N40>0),AND(G40-H40<0,L40-N40<0),AND(G40-H40=0,L40-N40=0)),L40>-1,N40>-1),1,0) -> 0 | R40: =IF(AND(G40=L40,H40=N40,L40>-1,G40>-1),3,0) -> 0 | S40: =Q40+R40 -> 0
A41: 25 | B41: 44892 | D41: Japón | G41: 2 | H41: 1 | I41: Costa Rica | L41: =OFICIAL!G36 -> 0 | M41: =OFICIAL!G36 -> 0 | N41: =OFICIAL!H36 -> 0 | O41: =OFICIAL!I36 -> Costa Rica | Q41: =IF(AND(OR(AND(G41-H41>0,L41-N41>0),AND(G41-H41<0,L41-N41<0),AND(G41-H41=0,L41-N41=0)),L41>-1,N41>-1),1,0) -> 0 | R41: =IF(AND(G41=L41,H41=N41,L41>-1,G41>-1),3,0) -> 0 | S41: =Q41+R41 -> 0
A42: 28 | B42: 44892 | D42: España | G42: 0 | H42: 1 | I42: Alemania | L42: =OFICIAL!G37 -> 0 | M42: =OFICIAL!G37 -> 0 | N42: =OFICIAL!H37 -> 0 | O42: =OFICIAL!I37 -> Alemania | Q42: =IF(AND(OR(AND(G42-H42>0,L42-N42>0),AND(G42-H42<0,L42-N42<0),AND(G42-H42=0,L42-N42=0)),L42>-1,N42>-1),1,0) -> 0 | R42: =IF(AND(G42=L42,H42=N42,L42>-1,G42>-1),3,0) -> 0 | S42: =Q42+R42 -> 0
A43: 43 | B43: 44896 | D43: Japón | G43: 1 | H43: 3 | I43: España | L43: =OFICIAL!G38 -> 0 | M43: =OFICIAL!G38 -> 0 | N43: =OFICIAL!H38 -> 0 | O43: =OFICIAL!I38 -> España | Q43: =IF(AND(OR(AND(G43-H43>0,L43-N43>0),AND(G43-H43<0,L43-N43<0),AND(G43-H43=0,L43-N43=0)),L43>-1,N43>-1),1,0) -> 0 | R43: =IF(AND(G43=L43,H43=N43,L43>-1,G43>-1),3,0) -> 0 | S43: =Q43+R43 -> 0
A44: 44 | B44: 44896 | D44: Costa Rica | G44: 0 | H44: 3 | I44: Alemania | L44: =OFICIAL!G39 -> 0 | M44: =OFICIAL!G39 -> 0 | N44: =OFICIAL!H39 -> 0 | O44: =OFICIAL!I39 -> Alemania | Q44: =IF(AND(OR(AND(G44-H44>0,L44-N44>0),AND(G44-H44<0,L44-N44<0),AND(G44-H44=0,L44-N44=0)),L44>-1,N44>-1),1,0) -> 0 | R44: =IF(AND(G44=L44,H44=N44,L44>-1,G44>-1),3,0) -> 0 | S44: =Q44+R44 -> 0
A45: Grupo F
A46: 9 | B46: 44888 | D46: Marruecos | G46: 1 | H46: 2 | I46: Croacia | L46: =OFICIAL!G41 -> 0 | M46: =OFICIAL!G41 -> 0 | N46: =OFICIAL!H41 -> 0 | O46: =OFICIAL!I41 -> Croacia | Q46: =IF(AND(OR(AND(G46-H46>0,L46-N46>0),AND(G46-H46<0,L46-N46<0),AND(G46-H46=0,L46-N46=0)),L46>-1,N46>-1),1,0) -> 0 | R46: =IF(AND(G46=L46,H46=N46,L46>-1,G46>-1),3,0) -> 0 | S46: =Q46+R46 -> 0
A47: 12 | B47: 44888 | D47: Bélgica | G47: 2 | H47: 1 | I47: Canadá | L47: =OFICIAL!G42 -> 0 | M47: =OFICIAL!G42 -> 0 | N47: =OFICIAL!H42 -> 0 | O47: =OFICIAL!I42 -> Canadá | Q47: =IF(AND(OR(AND(G47-H47>0,L47-N47>0),AND(G47-H47<0,L47-N47<0),AND(G47-H47=0,L47-N47=0)),L47>-1,N47>-1),1,0) -> 0 | R47: =IF(AND(G47=L47,H47=N47,L47>-1,G47>-1),3,0) -> 0 | S47: =Q47+R47 -> 0
A48: 26 | B48: 44892 | D48: Bélgica | G48: 3 | H48: 1 | I48: Marruecos | L48: =OFICIAL!G43 -> 0 | M48: =OFICIAL!G43 -> 0 | N48: =OFICIAL!H43 -> 0 | O48: =OFICIAL!I43 -> Marruecos | Q48: =IF(AND(OR(AND(G48-H48>0,L48-N48>0),AND(G48-H48<0,L48-N48<0),AND(G48-H48=0,L48-N48=0)),L48>-1,N48>-1),1,0) -> 0 | R48: =IF(AND(G48=L48,H48=N48,L48>-1,G48>-1),3,0) -> 0 | S48: =Q48+R48 -> 0
A49: 27 | B49: 44892 | D49: Croacia | G49: 2 | H49: 1 | I49: Canadá | L49: =OFICIAL!G44 -> 0 | M49: =OFICIAL!G44 -> 0 | N49: =OFICIAL!H44 -> 0 | O49: =OFICIAL!I44 -> Canadá | Q49: =IF(AND(OR(AND(G49-H49>0,L49-N49>0),AND(G49-H49<0,L49-N49<0),AND(G49-H49=0,L49-N49=0)),L49>-1,N49>-1),1,0) -> 0 | R49: =IF(AND(G49=L49,H49=N49,L49>-1,G49>-1),3,0) -> 0 | S49: =Q49+R49 -> 0
A50: 41 | B50: 44896 | D50: Croacia | G50: 2 | H50: 1 | I50: Bélgica | L50: =OFICIAL!G45 -> 0 | M50: =OFICIAL!G45 -> 0 | N50: =OFICIAL!H45 -> 0 | O50: =OFICIAL!I45 -> Bélgica | Q50: =IF(AND(OR(AND(G50-H50>0,L50-N50>0),AND(G50-H50<0,L50-N50<0),AND(G50-H50=0,L50-N50=0)),L50>-1,N50>-1),1,0) -> 0 | R50: =IF(AND(G50=L50,H50=N50,L50>-1,G50>-1),3,0) -> 0 | S50: =Q50+R50 -> 0
A51: 42 | B51: 44896 | D51: Canadá | G51: 1 | H51: 1 | I51: Marruecos | L51: =OFICIAL!G46 -> 0 | M51: =OFICIAL!G46 -> 0 | N51: =OFICIAL!H46 -> 0 | O51: =OFICIAL!I46 -> Marruecos | Q51: =IF(AND(OR(AND(G51-H51>0,L51-N51>0),AND(G51-H51<0,L51-N51<0),AND(G51-H51=0,L51-N51=0)),L51>-1,N51>-1),1,0) -> 1 | R51: =IF(AND(G51=L51,H51=N51,L51>-1,G51>-1),3,0) -> 0 | S51: =Q51+R51 -> 1
A52: Grupo G
A53: 13 | B53: 44889 | D53: Suiza | G53: 2 | H53: 0 | I53: Camerún | L53: =OFICIAL!G48 -> 0 | M53: =OFICIAL!G48 -> 0 | N53: =OFICIAL!H48 -> 0 | O53: =OFICIAL!I48 -> Camerún | Q53: =IF(AND(OR(AND(G53-H53>0,L53-N53>0),AND(G53-H53<0,L53-N53<0),AND(G53-H53=0,L53-N53=0)),L53>-1,N53>-1),1,0) -> 0 | R53: =IF(AND(G53=L53,H53=N53,L53>-1,G53>-1),3,0) -> 0 | S53: =Q53+R53 -> 0
A54: 16 | B54: 44889 | D54: Brasil | G54: 3 | H54: 0 | I54: Serbia | L54: =OFICIAL!G49 -> 0 | M54: =OFICIAL!G49 -> 0 | N54: =OFICIAL!H49 -> 0 | O54: =OFICIAL!I49 -> Serbia | Q54: =IF(AND(OR(AND(G54-H54>0,L54-N54>0),AND(G54-H54<0,L54-N54<0),AND(G54-H54=0,L54-N54=0)),L54>-1,N54>-1),1,0) -> 0 | R54: =IF(AND(G54=L54,H54=N54,L54>-1,G54>-1),3,0) -> 0 | S54: =Q54+R54 -> 0
A55: 29 | B55: 44893 | D55: Camerún | G55: 0 | H55: 2 | I55: Serbia | L55: =OFICIAL!G50 -> 0 | M55: =OFICIAL!G50 -> 0 | N55: =OFICIAL!H50 -> 0 | O55: =OFICIAL!I50 -> Serbia | Q55: =IF(AND(OR(AND(G55-H55>0,L55-N55>0),AND(G55-H55<0,L55-N55<0),AND(G55-H55=0,L55-N55=0)),L55>-1,N55>-1),1,0) -> 0 | R55: =IF(AND(G55=L55,H55=N55,L55>-1,G55>-1),3,0) -> 0 | S55: =Q55+R55 -> 0
A56: 31 | B56: 44893 | D56: Brasil | G56: 3 | H56: 1 | I56: Suiza | L56: =OFICIAL!G51 -> 0 | M56: =OFICIAL!G51 -> 0 | N56: =OFICIAL!H51 -> 0 | O56: =OFICIAL!I51 -> Suiza | Q56: =IF(AND(OR(AND(G56-H56>0,L56-N56>0),AND(G56-H56<0,L56-N56<0),AND(G56-H56=0,L56-N56=0)),L56>-1,N56>-1),1,0) -> 0 | R56: =IF(AND(G56=L56,H56=N56,L56>-1,G56>-1),3,0) -> 0 | S56: =Q56+R56 -> 0
A57: 47 | B57: 44897 | D57: Serbia | G57: 2 | H57: 3 | I57: Suiza | L57: =OFICIAL!G52 -> 0 | M57: =OFICIAL!G52 -> 0 | N57: =OFICIAL!H52 -> 0 | O57: =OFICIAL!I52 -> Suiza | Q57: =IF(AND(OR(AND(G57-H57>0,L57-N57>0),AND(G57-H57<0,L57-N57<0),AND(G57-H57=0,L57-N57=0)),L57>-1,N57>-1),1,0) -> 0 | R57: =IF(AND(G57=L57,H57=N57,L57>-1,G57>-1),3,0) -> 0 | S57: =Q57+R57 -> 0
A58: 48 | B58: 44897 | D58: Camerún | G58: 1 | H58: 3 | I58: Brasil | L58: =OFICIAL!G53 -> 0 | M58: =OFICIAL!G53 -> 0 | N58: =OFICIAL!H53 -> 0 | O58: =OFICIAL!I53 -> Brasil | Q58: =IF(AND(OR(AND(G58-H58>0,L58-N58>0),AND(G58-H58<0,L58-N58<0),AND(G58-H58=0,L58-N58=0)),L58>-1,N58>-1),1,0) -> 0 | R58: =IF(AND(G58=L58,H58=N58,L58>-1,G58>-1),3,0) -> 0 | S58: =Q58+R58 -> 0
A59: Grupo H
A60: 14 | B60: 44889 | D60: Uruguay | G60: 3 | H60: 1 | I60: Corea del Sur | L60: =OFICIAL!G55 -> 0 | M60: =OFICIAL!G55 -> 0 | N60: =OFICIAL!H55 -> 0 | O60: =OFICIAL!I55 -> Corea del Sur | Q60: =IF(AND(OR(AND(G60-H60>0,L60-N60>0),AND(G60-H60<0,L60-N60<0),AND(G60-H60=0,L60-N60=0)),L60>-1,N60>-1),1,0) -> 0 | R60: =IF(AND(G60=L60,H60=N60,L60>-1,G60>-1),3,0) -> 0 | S60: =Q60+R60 -> 0
A61: 15 | B61: 44889 | D61: Portugal | G61: 2 | H61: 0 | I61: Ghana | L61: =OFICIAL!G56 -> 0 | M61: =OFICIAL!G56 -> 0 | N61: =OFICIAL!H56 -> 0 | O61: =OFICIAL!I56 -> Ghana | Q61: =IF(AND(OR(AND(G61-H61>0,L61-N61>0),AND(G61-H61<0,L61-N61<0),AND(G61-H61=0,L61-N61=0)),L61>-1,N61>-1),1,0) -> 0 | R61: =IF(AND(G61=L61,H61=N61,L61>-1,G61>-1),3,0) -> 0 | S61: =Q61+R61 -> 0
A62: 30 | B62: 44893 | D62: Corea delSur | G62: 1 | H62: 1 | I62: Ghana | L62: =OFICIAL!G57 -> 0 | M62: =OFICIAL!G57 -> 0 | N62: =OFICIAL!H57 -> 0 | O62: =OFICIAL!I57 -> Ghana | Q62: =IF(AND(OR(AND(G62-H62>0,L62-N62>0),AND(G62-H62<0,L62-N62<0),AND(G62-H62=0,L62-N62=0)),L62>-1,N62>-1),1,0) -> 1 | R62: =IF(AND(G62=L62,H62=N62,L62>-1,G62>-1),3,0) -> 0 | S62: =Q62+R62 -> 1
A63: 32 | B63: 44893 | D63: Portugal | G63: 0 | H63: 1 | I63: Uruguay | L63: =OFICIAL!G58 -> 0 | M63: =OFICIAL!G58 -> 0 | N63: =OFICIAL!H58 -> 0 | O63: =OFICIAL!I58 -> Uruguay | Q63: =IF(AND(OR(AND(G63-H63>0,L63-N63>0),AND(G63-H63<0,L63-N63<0),AND(G63-H63=0,L63-N63=0)),L63>-1,N63>-1),1,0) -> 0 | R63: =IF(AND(G63=L63,H63=N63,L63>-1,G63>-1),3,0) -> 0 | S63: =Q63+R63 -> 0
A64: 45 | B64: 44897 | D64: Corea delSur | G64: 0 | H64: 3 | I64: Portugal | L64: =OFICIAL!G59 -> 0 | M64: =OFICIAL!G59 -> 0 | N64: =OFICIAL!H59 -> 0 | O64: =OFICIAL!I59 -> Portugal | Q64: =IF(AND(OR(AND(G64-H64>0,L64-N64>0),AND(G64-H64<0,L64-N64<0),AND(G64-H64=0,L64-N64=0)),L64>-1,N64>-1),1,0) -> 0 | R64: =IF(AND(G64=L64,H64=N64,L64>-1,G64>-1),3,0) -> 0 | S64: =Q64+R64 -> 0
A65: 46 | B65: 44897 | D65: Ghana | G65: 0 | H65: 2 | I65: Uruguay | L65: =OFICIAL!G60 -> 0 | M65: =OFICIAL!G60 -> 0 | N65: =OFICIAL!H60 -> 0 | O65: =OFICIAL!I60 -> Uruguay | Q65: =IF(AND(OR(AND(G65-H65>0,L65-N65>0),AND(G65-H65<0,L65-N65<0),AND(G65-H65=0,L65-N65=0)),L65>-1,N65>-1),1,0) -> 0 | R65: =IF(AND(G65=L65,H65=N65,L65>-1,G65>-1),3,0) -> 0 | S65: =Q65+R65 -> 0
B68: TOTAL PUNTOS PRIMERA FASE | Q68: =SUM(S11:S65) -> 7
A70: OTRAS FASES | C70: (Marque con una X, cada fase
C71: que cree que superará cada selección)
A72: Fases | C72: 8F | D72: 4F | E72: SF | F72: F
A73: Equipos a marcar | C73: 16 | D73: 8 | E73: 4 | F73: 2 | S73: Total
A74: Puntos por acierto | C74: 1 | D74: 2 | E74: 5 | F74: 8 | L74: Pts
L75: 8F | M75: 4F | N75: SF | O75: F
A76: 1 | B76: Qatar | L76: =IF(AND(C76=OFICIAL!C70,OFICIAL!C70="X"),1,0) -> 0 | M76: =IF(AND(D76=OFICIAL!D70,OFICIAL!D70="X"),2,0) -> 0 | N76: =IF(AND(E76=OFICIAL!E70,OFICIAL!E70="X"),5,0) -> 0 | O76: =IF(AND(F76=OFICIAL!F70,OFICIAL!F70="X"),8,0) -> 0 | S76: =SUM(L76:O76) -> 0
A77: 2 | B77: Ecuador | C77: X | L77: =IF(AND(C77=OFICIAL!C71,OFICIAL!C71="X"),1,0) -> 0 | M77: =IF(AND(D77=OFICIAL!D71,OFICIAL!D71="X"),2,0) -> 0 | N77: =IF(AND(E77=OFICIAL!E71,OFICIAL!E71="X"),5,0) -> 0 | O77: =IF(AND(F77=OFICIAL!F71,OFICIAL!F71="X"),8,0) -> 0 | S77: =SUM(L77:O77) -> 0
A78: 3 | B78: Senegal | L78: =IF(AND(C78=OFICIAL!C72,OFICIAL!C72="X"),1,0) -> 0 | M78: =IF(AND(D78=OFICIAL!D72,OFICIAL!D72="X"),2,0) -> 0 | N78: =IF(AND(E78=OFICIAL!E72,OFICIAL!E72="X"),5,0) -> 0 | O78: =IF(AND(F78=OFICIAL!F72,OFICIAL!F72="X"),8,0) -> 0 | S78: =SUM(L78:O78) -> 0
A79: 4 | B79: Países Bajos | C79: X | D79: X | L79: =IF(AND(C79=OFICIAL!C73,OFICIAL!C73="X"),1,0) -> 0 | M79: =IF(AND(D79=OFICIAL!D73,OFICIAL!D73="X"),2,0) -> 0 | N79: =IF(AND(E79=OFICIAL!E73,OFICIAL!E73="X"),5,0) -> 0 | O79: =IF(AND(F79=OFICIAL!F73,OFICIAL!F73="X"),8,0) -> 0 | S79: =SUM(L79:O79) -> 0
A80: 5 | B80: Inglaterra | C80: X | D80: X | E80: X | F80: X | L80: =IF(AND(C80=OFICIAL!C74,OFICIAL!C74="X"),1,0) -> 0 | M80: =IF(AND(D80=OFICIAL!D74,OFICIAL!D74="X"),2,0) -> 0 | N80: =IF(AND(E80=OFICIAL!E74,OFICIAL!E74="X"),5,0) -> 0 | O80: =IF(AND(F80=OFICIAL!F74,OFICIAL!F74="X"),8,0) -> 0 | S80: =SUM(L80:O80) -> 0
A81: 6 | B81: Irán | L81: =IF(AND(C81=OFICIAL!C75,OFICIAL!C75="X"),1,0) -> 0 | M81: =IF(AND(D81=OFICIAL!D75,OFICIAL!D75="X"),2,0) -> 0 | N81: =IF(AND(E81=OFICIAL!E75,OFICIAL!E75="X"),5,0) -> 0 | O81: =IF(AND(F81=OFICIAL!F75,OFICIAL!F75="X"),8,0) -> 0 | S81: =SUM(L81:O81) -> 0
A82: 7 | B82: USA | C82: X | L82: =IF(AND(C82=OFICIAL!C76,OFICIAL!C76="X"),1,0) -> 0 | M82: =IF(AND(D82=OFICIAL!D76,OFICIAL!D76="X"),2,0) -> 0 | N82: =IF(AND(E82=OFICIAL!E76,OFICIAL!E76="X"),5,0) -> 0 | O82: =IF(AND(F82=OFICIAL!F76,OFICIAL!F76="X"),8,0) -> 0 | S82: =SUM(L82:O82) -> 0
A83: 8 | B83: Gales | L83: =IF(AND(C83=OFICIAL!C77,OFICIAL!C77="X"),1,0) -> 0 | M83: =IF(AND(D83=OFICIAL!D77,OFICIAL!D77="X"),2,0) -> 0 | N83: =IF(AND(E83=OFICIAL!E77,OFICIAL!E77="X"),5,0) -> 0 | O83: =IF(AND(F83=OFICIAL!F77,OFICIAL!F77="X"),8,0) -> 0 | S83: =SUM(L83:O83) -> 0
A84: 9 | B84: Argentina | C84: X | D84: X | E84: X | F84: X | L84: =IF(AND(C84=OFICIAL!C78,OFICIAL!C78="X"),1,0) -> 0 | M84: =IF(AND(D84=OFICIAL!D78,OFICIAL!D78="X"),2,0) -> 0 | N84: =IF(AND(E84=OFICIAL!E78,OFICIAL!E78="X"),5,0) -> 0 | O84: =IF(AND(F84=OFICIAL!F78,OFICIAL!F78="X"),8,0) -> 0 | S84: =SUM(L84:O84) -> 0
A85: 10 | B85: Arabia Saudí | L85: =IF(AND(C85=OFICIAL!C79,OFICIAL!C79="X"),1,0) -> 0 | M85: =IF(AND(D85=OFICIAL!D79,OFICIAL!D79="X"),2,0) -> 0 | N85: =IF(AND(E85=OFICIAL!E79,OFICIAL!E79="X"),5,0) -> 0 | O85: =IF(AND(F85=OFICIAL!F79,OFICIAL!F79="X"),8,0) -> 0 | S85: =SUM(L85:O85) -> 0
A86: 11 | B86: México | L86: =IF(AND(C86=OFICIAL!C80,OFICIAL!C80="X"),1,0) -> 0 | M86: =IF(AND(D86=OFICIAL!D80,OFICIAL!D80="X"),2,0) -> 0 | N86: =IF(AND(E86=OFICIAL!E80,OFICIAL!E80="X"),5,0) -> 0 | O86: =IF(AND(F86=OFICIAL!F80,OFICIAL!F80="X"),8,0) -> 0 | S86: =SUM(L86:O86) -> 0
A87: 12 | B87: Polonia | C87: X | L87: =IF(AND(C87=OFICIAL!C81,OFICIAL!C81="X"),1,0) -> 0 | M87: =IF(AND(D87=OFICIAL!D81,OFICIAL!D81="X"),2,0) -> 0 | N87: =IF(AND(E87=OFICIAL!E81,OFICIAL!E81="X"),5,0) -> 0 | O87: =IF(AND(F87=OFICIAL!F81,OFICIAL!F81="X"),8,0) -> 0 | S87: =SUM(L87:O87) -> 0
A88: 13 | B88: Francia | C88: X | L88: =IF(AND(C88=OFICIAL!C82,OFICIAL!C82="X"),1,0) -> 0 | M88: =IF(AND(D88=OFICIAL!D82,OFICIAL!D82="X"),2,0) -> 0 | N88: =IF(AND(E88=OFICIAL!E82,OFICIAL!E82="X"),5,0) -> 0 | O88: =IF(AND(F88=OFICIAL!F82,OFICIAL!F82="X"),8,0) -> 0 | S88: =SUM(L88:O88) -> 0
A89: 14 | B89: Australia | L89: =IF(AND(C89=OFICIAL!C83,OFICIAL!C83="X"),1,0) -> 0 | M89: =IF(AND(D89=OFICIAL!D83,OFICIAL!D83="X"),2,0) -> 0 | N89: =IF(AND(E89=OFICIAL!E83,OFICIAL!E83="X"),5,0) -> 0 | O89: =IF(AND(F89=OFICIAL!F83,OFICIAL!F83="X"),8,0) -> 0 | S89: =SUM(L89:O89) -> 0
A90: 15 | B90: Dinamarca | C90: X | D90: X | L90: =IF(AND(C90=OFICIAL!C84,OFICIAL!C84="X"),1,0) -> 0 | M90: =IF(AND(D90=OFICIAL!D84,OFICIAL!D84="X"),2,0) -> 0 | N90: =IF(AND(E90=OFICIAL!E84,OFICIAL!E84="X"),5,0) -> 0 | O90: =IF(AND(F90=OFICIAL!F84,OFICIAL!F84="X"),8,0) -> 0 | S90: =SUM(L90:O90) -> 0
A91: 16 | B91: Túnez | L91: =IF(AND(C91=OFICIAL!C85,OFICIAL!C85="X"),1,0) -> 0 | M91: =IF(AND(D91=OFICIAL!D85,OFICIAL!D85="X"),2,0) -> 0 | N91: =IF(AND(E91=OFICIAL!E85,OFICIAL!E85="X"),5,0) -> 0 | O91: =IF(AND(F91=OFICIAL!F85,OFICIAL!F85="X"),8,0) -> 0 | S91: =SUM(L91:O91) -> 0
A92: 17 | B92: España | C92: X | D92: X | L92: =IF(AND(C92=OFICIAL!C86,OFICIAL!C86="X"),1,0) -> 0 | M92: =IF(AND(D92=OFICIAL!D86,OFICIAL!D86="X"),2,0) -> 0 | N92: =IF(AND(E92=OFICIAL!E86,OFICIAL!E86="X"),5,0) -> 0 | O92: =IF(AND(F92=OFICIAL!F86,OFICIAL!F86="X"),8,0) -> 0 | S92: =SUM(L92:O92) -> 0
A93: 18 | B93: Costa Rica | L93: =IF(AND(C93=OFICIAL!C87,OFICIAL!C87="X"),1,0) -> 0 | M93: =IF(AND(D93=OFICIAL!D87,OFICIAL!D87="X"),2,0) -> 0 | N93: =IF(AND(E93=OFICIAL!E87,OFICIAL!E87="X"),5,0) -> 0 | O93: =IF(AND(F93=OFICIAL!F87,OFICIAL!F87="X"),8,0) -> 0 | S93: =SUM(L93:O93) -> 0
A94: 19 | B94: Alemania | C94: X | D94: X | L94: =IF(AND(C94=OFICIAL!C88,OFICIAL!C88="X"),1,0) -> 0 | M94: =IF(AND(D94=OFICIAL!D88,OFICIAL!D88="X"),2,0) -> 0 | N94: =IF(AND(E94=OFICIAL!E88,OFICIAL!E88="X"),5,0) -> 0 | O94: =IF(AND(F94=OFICIAL!F88,OFICIAL!F88="X"),8,0) -> 0 | S94: =SUM(L94:O94) -> 0
A95: 20 | B95: Japón | L95: =IF(AND(C95=OFICIAL!C89,OFICIAL!C89="X"),1,0) -> 0 | M95: =IF(AND(D95=OFICIAL!D89,OFICIAL!D89="X"),2,0) -> 0 | N95: =IF(AND(E95=OFICIAL!E89,OFICIAL!E89="X"),5,0) -> 0 | O95: =IF(AND(F95=OFICIAL!F89,OFICIAL!F89="X"),8,0) -> 0 | S95: =SUM(L95:O95) -> 0
A96: 21 | B96: Bélgica | C96: X | L96: =IF(AND(C96=OFICIAL!C90,OFICIAL!C90="X"),1,0) -> 0 | M96: =IF(AND(D96=OFICIAL!D90,OFICIAL!D90="X"),2,0) -> 0 | N96: =IF(AND(E96=OFICIAL!E90,OFICIAL!E90="X"),5,0) -> 0 | O96: =IF(AND(F96=OFICIAL!F90,OFICIAL!F90="X"),8,0) -> 0 | S96: =SUM(L96:O96) -> 0
A97: 22 | B97: Canadá | L97: =IF(AND(C97=OFICIAL!C91,OFICIAL!C91="X"),1,0) -> 0 | M97: =IF(AND(D97=OFICIAL!D91,OFICIAL!D91="X"),2,0) -> 0 | N97: =IF(AND(E97=OFICIAL!E91,OFICIAL!E91="X"),5,0) -> 0 | O97: =IF(AND(F97=OFICIAL!F91,OFICIAL!F91="X"),8,0) -> 0 | S97: =SUM(L97:O97) -> 0
A98: 23 | B98: Marruecos | L98: =IF(AND(C98=OFICIAL!C92,OFICIAL!C92="X"),1,0) -> 0 | M98: =IF(AND(D98=OFICIAL!D92,OFICIAL!D92="X"),2,0) -> 0 | N98: =IF(AND(E98=OFICIAL!E92,OFICIAL!E92="X"),5,0) -> 0 | O98: =IF(AND(F98=OFICIAL!F92,OFICIAL!F92="X"),8,0) -> 0 | S98: =SUM(L98:O98) -> 0
A99: 24 | B99: Croacia | C99: X | L99: =IF(AND(C99=OFICIAL!C93,OFICIAL!C93="X"),1,0) -> 0 | M99: =IF(AND(D99=OFICIAL!D93,OFICIAL!D93="X"),2,0) -> 0 | N99: =IF(AND(E99=OFICIAL!E93,OFICIAL!E93="X"),5,0) -> 0 | O99: =IF(AND(F99=OFICIAL!F93,OFICIAL!F93="X"),8,0) -> 0 | S99: =SUM(L99:O99) -> 0
A100: 25 | B100: Brasil | C100: X | D100: X | E100: X | L100: =IF(AND(C100=OFICIAL!C94,OFICIAL!C94="X"),1,0) -> 0 | M100: =IF(AND(D100=OFICIAL!D94,OFICIAL!D94="X"),2,0) -> 0 | N100: =IF(AND(E100=OFICIAL!E94,OFICIAL!E94="X"),5,0) -> 0 | O100: =IF(AND(F100=OFICIAL!F94,OFICIAL!F94="X"),8,0) -> 0 | S100: =SUM(L100:O100) -> 0
A101: 26 | B101: Serbia | L101: =IF(AND(C101=OFICIAL!C95,OFICIAL!C95="X"),1,0) -> 0 | M101: =IF(AND(D101=OFICIAL!D95,OFICIAL!D95="X"),2,0) -> 0 | N101: =IF(AND(E101=OFICIAL!E95,OFICIAL!E95="X"),5,0) -> 0 | O101: =IF(AND(F101=OFICIAL!F95,OFICIAL!F95="X"),8,0) -> 0 | S101: =SUM(L101:O101) -> 0
A102: 27 | B102: Suiza | C102: X | L102: =IF(AND(C102=OFICIAL!C96,OFICIAL!C96="X"),1,0) -> 0 | M102: =IF(AND(D102=OFICIAL!D96,OFICIAL!D96="X"),2,0) -> 0 | N102: =IF(AND(E102=OFICIAL!E96,OFICIAL!E96="X"),5,0) -> 0 | O102: =IF(AND(F102=OFICIAL!F96,OFICIAL!F96="X"),8,0) -> 0 | S102: =SUM(L102:O102) -> 0
A103: 28 | B103: Camerún | L103: =IF(AND(C103=OFICIAL!C97,OFICIAL!C97="X"),1,0) -> 0 | M103: =IF(AND(D103=OFICIAL!D97,OFICIAL!D97="X"),2,0) -> 0 | N103: =IF(AND(E103=OFICIAL!E97,OFICIAL!E97="X"),5,0) -> 0 | O103: =IF(AND(F103=OFICIAL!F97,OFICIAL!F97="X"),8,0) -> 0 | S103: =SUM(L103:O103) -> 0
A104: 29 | B104: Portugal | C104: X | L104: =IF(AND(C104=OFICIAL!C98,OFICIAL!C98="X"),1,0) -> 0 | M104: =IF(AND(D104=OFICIAL!D98,OFICIAL!D98="X"),2,0) -> 0 | N104: =IF(AND(E104=OFICIAL!E98,OFICIAL!E98="X"),5,0) -> 0 | O104: =IF(AND(F104=OFICIAL!F98,OFICIAL!F98="X"),8,0) -> 0 | S104: =SUM(L104:O104) -> 0
A105: 30 | B105: Ghana | L105: =IF(AND(C105=OFICIAL!C99,OFICIAL!C99="X"),1,0) -> 0 | M105: =IF(AND(D105=OFICIAL!D99,OFICIAL!D99="X"),2,0) -> 0 | N105: =IF(AND(E105=OFICIAL!E99,OFICIAL!E99="X"),5,0) -> 0 | O105: =IF(AND(F105=OFICIAL!F99,OFICIAL!F99="X"),8,0) -> 0 | S105: =SUM(L105:O105) -> 0
...

Sheet FCJ
B1: MUNDIAL DE FÚTBOL QATAR 2022 | O1: Premios | Q1: 1 Puesto | S1: 0.7
B2: Escribir solo en las cajas | E2: VERDES | L2: 5 | M2: E | Q2: 2 Puesto | S2: 0.2
B3: No toque ni re formatee nada | Q3: 3 Puesto | S3: 0.1
B5: PARTICIPANTE: | C5: JAUME FÀBREGAS | L5: Resultado: 1 Pt | Q5: No tocar Columnas
L6: Exacto: 4 Pts | Q6: Naranjas
A8: Partido | B8: Fecha | G8: Resultado | L8: Resultado | Q8: Pts
G9: Suyo | L9: Real | Q9: Resu | R9: Exac | S9: Total
A10: Grupo A
A11: 1 | B11: 44885 | D11: Qatar | G11: 1 | H11: 0 | I11: Ecuador | L11: =OFICIAL!G6 -> 0 | M11: =OFICIAL!G6 -> 0 | N11: =OFICIAL!H6 -> 2 | O11: =OFICIAL!I6 -> Ecuador | Q11: =IF(AND(OR(AND(G11-H11>0,L11-N11>0),AND(G11-H11<0,L11-N11<0),AND(G11-H11=0,L11-N11=0)),L11>-1,N11>-1),1,0) -> 0 | R11: =IF(AND(G11=L11,H11=N11,L11>-1,G11>-1),3,0) -> 0 | S11: =Q11+R11 -> 0
A12: 3 | B12: 44886 | D12: Senegal | G12: 0 | H12: 1 | I12: Países Bajos | L12: =OFICIAL!G7 -> 0 | M12: =OFICIAL!G7 -> 0 | N12: =OFICIAL!H7 -> 0 | O12: =OFICIAL!I7 -> Países Bajos | Q12: =IF(AND(OR(AND(G12-H12>0,L12-N12>0),AND(G12-H12<0,L12-N12<0),AND(G12-H12=0,L12-N12=0)),L12>-1,N12>-1),1,0) -> 0 | R12: =IF(AND(G12=L12,H12=N12,L12>-1,G12>-1),3,0) -> 0 | S12: =Q12+R12 -> 0
A13: 18 | B13: 44890 | D13: Qatar | G13: 1 | H13: 0 | I13: Senegal | L13: =OFICIAL!G8 -> 0 | M13: =OFICIAL!G8 -> 0 | N13: =OFICIAL!H8 -> 0 | O13: =OFICIAL!I8 -> Senegal | Q13: =IF(AND(OR(AND(G13-H13>0,L13-N13>0),AND(G13-H13<0,L13-N13<0),AND(G13-H13=0,L13-N13=0)),L13>-1,N13>-1),1,0) -> 0 | R13: =IF(AND(G13=L13,H13=N13,L13>-1,G13>-1),3,0) -> 0 | S13: =Q13+R13 -> 0
A14: 19 | B14: 44890 | D14: Países Bajos | G14: 1 | H14: 0 | I14: Ecuador | L14: =OFICIAL!G9 -> 0 | M14: =OFICIAL!G9 -> 0 | N14: =OFICIAL!H9 -> 0 | O14: =OFICIAL!I9 -> Ecuador | Q14: =IF(AND(OR(AND(G14-H14>0,L14-N14>0),AND(G14-H14<0,L14-N14<0),AND(G14-H14=0,L14-N14=0)),L14>-1,N14>-1),1,0) -> 0 | R14: =IF(AND(G14=L14,H14=N14,L14>-1,G14>-1),3,0) -> 0 | S14: =Q14+R14 -> 0
A15: 33 | B15: 44894 | D15: Países Bajos | G15: 1 | H15: 0 | I15: Qatar | L15: =OFICIAL!G10 -> 0 | M15: =OFICIAL!G10 -> 0 | N15: =OFICIAL!H10 -> 0 | O15: =OFICIAL!I10 -> Qatar | Q15: =IF(AND(OR(AND(G15-H15>0,L15-N15>0),AND(G15-H15<0,L15-N15<0),AND(G15-H15=0,L15-N15=0)),L15>-1,N15>-1),1,0) -> 0 | R15: =IF(AND(G15=L15,H15=N15,L15>-1,G15>-1),3,0) -> 0 | S15: =Q15+R15 -> 0
A16: 34 | B16: 44894 | D16: Ecuador | G16: 0 | H16: 0 | I16: Senegal | L16: =OFICIAL!G11 -> 0 | M16: =OFICIAL!G11 -> 0 | N16: =OFICIAL!H11 -> 0 | O16: =OFICIAL!I11 -> Senegal | Q16: =IF(AND(OR(AND(G16-H16>0,L16-N16>0),AND(G16-H16<0,L16-N16<0),AND(G16-H16=0,L16-N16=0)),L16>-1,N16>-1),1,0) -> 1 | R16: =IF(AND(G16=L16,H16=N16,L16>-1,G16>-1),3,0) -> 3 | S16: =Q16+R16 -> 4
A17: Grupo B
A18: 2 | B18: 44886 | D18: Inglaterra | G18: 1 | H18: 0 | I18: Irán | L18: =OFICIAL!G13 -> 0 | M18: =OFICIAL!G13 -> 0 | N18: =OFICIAL!H13 -> 0 | O18: =OFICIAL!I13 -> Irán | Q18: =IF(AND(OR(AND(G18-H18>0,L18-N18>0),AND(G18-H18<0,L18-N18<0),AND(G18-H18=0,L18-N18=0)),L18>-1,N18>-1),1,0) -> 0 | R18: =IF(AND(G18=L18,H18=N18,L18>-1,G18>-1),3,0) -> 0 | S18: =Q18+R18 -> 0
A19: 4 | B19: 44886 | D19: USA | G19: 1 | H19: 0 | I19: Gales | L19: =OFICIAL!G14 -> 0 | M19: =OFICIAL!G14 -> 0 | N19: =OFICIAL!H14 -> 0 | O19: =OFICIAL!I14 -> Gales | Q19: =IF(AND(OR(AND(G19-H19>0,L19-N19>0),AND(G19-H19<0,L19-N19<0),AND(G19-H19=0,L19-N19=0)),L19>-1,N19>-1),1,0) -> 0 | R19: =IF(AND(G19=L19,H19=N19,L19>-1,G19>-1),3,0) -> 0 | S19: =Q19+R19 -> 0
A20: 17 | B20: 44890 | D20: Gales | G20: 2 | H20: 0 | I20: Irán | L20: =OFICIAL!G15 -> 0 | M20: =OFICIAL!G15 -> 0 | N20: =OFICIAL!H15 -> 0 | O20: =OFICIAL!I15 -> Irán | Q20: =IF(AND(OR(AND(G20-H20>0,L20-N20>0),AND(G20-H20<0,L20-N20<0),AND(G20-H20=0,L20-N20=0)),L20>-1,N20>-1),1,0) -> 0 | R20: =IF(AND(G20=L20,H20=N20,L20>-1,G20>-1),3,0) -> 0 | S20: =Q20+R20 -> 0
A21: 20 | B21: 44890 | D21: Inglaterra | G21: 0 | H21: 0 | I21: USA | L21: =OFICIAL!G16 -> 0 | M21: =OFICIAL!G16 -> 0 | N21: =OFICIAL!H16 -> 0 | O21: =OFICIAL!I16 -> USA | Q21: =IF(AND(OR(AND(G21-H21>0,L21-N21>0),AND(G21-H21<0,L21-N21<0),AND(G21-H21=0,L21-N21=0)),L21>-1,N21>-1),1,0) -> 1 | R21: =IF(AND(G21=L21,H21=N21,L21>-1,G21>-1),3,0) -> 3 | S21: =Q21+R21 -> 4
A22: 35 | B22: 44894 | D22: Gales | G22: 0 | H22: 2 | I22: Inglaterra | L22: =OFICIAL!G17 -> 0 | M22: =OFICIAL!G17 -> 0 | N22: =OFICIAL!H17 -> 0 | O22: =OFICIAL!I17 -> Inglaterra | Q22: =IF(AND(OR(AND(G22-H22>0,L22-N22>0),AND(G22-H22<0,L22-N22<0),AND(G22-H22=0,L22-N22=0)),L22>-1,N22>-1),1,0) -> 0 | R22: =IF(AND(G22=L22,H22=N22,L22>-1,G22>-1),3,0) -> 0 | S22: =Q22+R22 -> 0
A23: 36 | B23: 44894 | D23: Irán | G23: 0 | H23: 2 | I23: USA | L23: =OFICIAL!G18 -> 0 | M23: =OFICIAL!G18 -> 0 | N23: =OFICIAL!H18 -> 0 | O23: =OFICIAL!I18 -> USA | Q23: =IF(AND(OR(AND(G23-H23>0,L23-N23>0),AND(G23-H23<0,L23-N23<0),AND(G23-H23=0,L23-N23=0)),L23>-1,N23>-1),1,0) -> 0 | R23: =IF(AND(G23=L23,H23=N23,L23>-1,G23>-1),3,0) -> 0 | S23: =Q23+R23 -> 0
A24: Grupo C
A25: 5 | B25: 44887 | D25: Argentina | G25: 1 | H25: 0 | I25: Arabia Saudí | L25: =OFICIAL!G20 -> 0 | M25: =OFICIAL!G20 -> 0 | N25: =OFICIAL!H20 -> 0 | O25: =OFICIAL!I20 -> Arabia Saudí | Q25: =IF(AND(OR(AND(G25-H25>0,L25-N25>0),AND(G25-H25<0,L25-N25<0),AND(G25-H25=0,L25-N25=0)),L25>-1,N25>-1),1,0) -> 0 | R25: =IF(AND(G25=L25,H25=N25,L25>-1,G25>-1),3,0) -> 0 | S25: =Q25+R25 -> 0
A26: 7 | B26: 44887 | D26: México | G26: 0 | H26: 0 | I26: Polonia | L26: =OFICIAL!G21 -> 0 | M26: =OFICIAL!G21 -> 0 | N26: =OFICIAL!H21 -> 0 | O26: =OFICIAL!I21 -> Polonia | Q26: =IF(AND(OR(AND(G26-H26>0,L26-N26>0),AND(G26-H26<0,L26-N26<0),AND(G26-H26=0,L26-N26=0)),L26>-1,N26>-1),1,0) -> 1 | R26: =IF(AND(G26=L26,H26=N26,L26>-1,G26>-1),3,0) -> 3 | S26: =Q26+R26 -> 4
A27: 22 | B27: 44891 | D27: Polonia | G27: 1 | H27: 0 | I27: Arabia Saudí | L27: =OFICIAL!G22 -> 0 | M27: =OFICIAL!G22 -> 0 | N27: =OFICIAL!H22 -> 0 | O27: =OFICIAL!I22 -> Arabia Saudí | Q27: =IF(AND(OR(AND(G27-H27>0,L27-N27>0),AND(G27-H27<0,L27-N27<0),AND(G27-H27=0,L27-N27=0)),L27>-1,N27>-1),1,0) -> 0 | R27: =IF(AND(G27=L27,H27=N27,L27>-1,G27>-1),3,0) -> 0 | S27: =Q27+R27 -> 0
A28: 24 | B28: 44891 | D28: Argentina | G28: 1 | H28: 1 | I28: México | L28: =OFICIAL!G23 -> 0 | M28: =OFICIAL!G23 -> 0 | N28: =OFICIAL!H23 -> 0 | O28: =OFICIAL!I23 -> México | Q28: =IF(AND(OR(AND(G28-H28>0,L28-N28>0),AND(G28-H28<0,L28-N28<0),AND(G28-H28=0,L28-N28=0)),L28>-1,N28>-1),1,0) -> 1 | R28: =IF(AND(G28=L28,H28=N28,L28>-1,G28>-1),3,0) -> 0 | S28: =Q28+R28 -> 1
A29: 39 | B29: 44895 | D29: Arabia Saudí | G29: 0 | H29: 1 | I29: México | L29: =OFICIAL!G24 -> 0 | M29: =OFICIAL!G24 -> 0 | N29: =OFICIAL!H24 -> 0 | O29: =OFICIAL!I24 -> México | Q29: =IF(AND(OR(AND(G29-H29>0,L29-N29>0),AND(G29-H29<0,L29-N29<0),AND(G29-H29=0,L29-N29=0)),L29>-1,N29>-1),1,0) -> 0 | R29: =IF(AND(G29=L29,H29=N29,L29>-1,G29>-1),3,0) -> 0 | S29: =Q29+R29 -> 0
A30: 40 | B30: 44895 | D30: Polonia | G30: 0 | H30: 2 | I30: Argentina | L30: =OFICIAL!G25 -> 0 | M30: =OFICIAL!G25 -> 0 | N30: =OFICIAL!H25 -> 0 | O30: =OFICIAL!I25 -> Argentina | Q30: =IF(AND(OR(AND(G30-H30>0,L30-N30>0),AND(G30-H30<0,L30-N30<0),AND(G30-H30=0,L30-N30=0)),L30>-1,N30>-1),1,0) -> 0 | R30: =IF(AND(G30=L30,H30=N30,L30>-1,G30>-1),3,0) -> 0 | S30: =Q30+R30 -> 0
A31: Grupo D
